:020000040800F2
:1000000000060020E1020008E3020008E302000805
:10001000E3020008E3020008E3020008E30200082C
:10002000E3020008E3020008E3020008BD770008CD
:10003000E3020008E3020008E3020008E30200080C
:10004000E3020008E3020008E3020008E3020008FC
:10005000E3020008E3020008C9860008F5860008EC
:10006000218700084D870008798700083546000879
:100070005D46000889460008B5460008E1460008CC
:100080000947000835470008E3020008E3020008BA
:10009000E3020008E3020008E3020008A587000865
:1000A000E3020008E3020008E3020008E30200089C
:1000B000E3020008E3020008E3020008E30200088C
:1000C000E3020008E3020008E3020008E30200087C
:1000D000E302000891880008E3020008E302000838
:1000E00009880008E3020008E3020008E3020008B0
:1000F000E3020008E3020008E30200086147000889
:10010000E30200087D880008B9880008E3020008BF
:10011000E3020008E3020008E3020008E30200082B
:100120008D470008B5470008E14700080D48000862
:1001300039480008E3020008E3020008E30200086F
:10014000E3020008E3020008E3020008E3020008FB
:10015000614800088D480008B9480008E30200081B
:10016000E3020008E3020008E3020008E3020008DB
:10017000E3020008A9830008E3020008E302000884
:10018000E3020008E3020008A5880008E302000873
:10019000E3020008E3020008E3020008E3020008AB
:1001A000E3020008E3020008E3020008E30200089B
:1001B000E3020008E3020008E3020008E30200088B
:1001C000E3020008E3020008E3020008E30200087B
:1001D000E302000895830008E3020008E302000838
:1001E000E3020008E3020008E3020008E30200085B
:1001F000E3020008E3020008E3020008E30200084B
:10020000E3020008E3020008E3020008E30200083A
:10021000E3020008E3020008E3020008E30200082A
:10022000E3020008E3020008E3020008E30200081A
:10023000E3020008E3020008E3020008E30200080A
:10024000E3020008E3020008E3020008E3020008FA
:10025000E3020008E3020008E3020008E3020008EA
:10026000E3020008E3020008E3020008E3020008DA
:10027000E3020008E3020008E3020008E3020008CA
:10028000E3020008E3020008E3020008E3020008BA
:10029000E3020008E3020008E3020008E3020008AA
:1002A000E3020008E3020008E3020008E30200089A
:1002B000E3020008E3020008E3020008E30200088A
:1002C000E3020008E3020008E3020008E30200087A
:1002D000E3020008E3020008E3020008E30200086A
:1002E00002E000F000F8FEE772B6374880F30888B5
:1002F000364880F3098836483649086040F20000E5
:10030000CCF200004EF63471CEF200010860BFF36B
:100310004F8FBFF36F8F40F20000C0F2F0004EF637
:100320008851CEF200010860BFF34F8FBFF36F8F8B
:100330004FF00000E1EE100A4EF63C71CEF20001E3
:100340000860062080F31488BFF36F8F07F098FAD7
:1003500006F012FC4FF055301F491B4A91423CBF3A
:1003600041F8040BFAE71D49184A91423CBF41F895
:10037000040BFAE71A491B4A1B4B9A423EBF51F83D
:10038000040B42F8040BF8E700201849184A914280
:100390003CBF41F8040BFAE707F0B0FA06F070FC36
:1003A000144C154DAC4203DA54F8041B8847F9E7A6
:1003B00000F0C4F9114C124DAC4203DA54F8041B9E
:1003C0008847F9E707F098BA0006002000220020CD
:1003D0000000000808ED00E00000002000060020FA
:1003E000309E000800220020D4220020D8220020C5
:1003F0002C630020E0020008E0020008E002000890
:10040000E00200082DE9F04F2DED108AC1F80CD064
:10041000D0F80CD0BDEC108ABDE8F08F002383F338
:1004200011882846A047002006F088F9FEE706F06C
:10043000E1F800DFFEE7000053B94AB9002908BF20
:1004400000281CBF4FF0FF314FF0FF3000F074B9AF
:10045000ADF1080C6DE904CE00F006F8DDF804E01B
:10046000DDE9022304B070472DE9F047089D0446FA
:100470008E46002B4DD18A42944669D9B2FA82F257
:1004800052B101FA02F3C2F1200120FA01F10CFA93
:1004900002FC41EA030E94404FEA1C48210CBEFBCB
:1004A000F8F61FFA8CF708FB16E341EA034306FB54
:1004B00007F199420AD91CEB030306F1FF3080F0E3
:1004C0001F81994240F21C81023E63445B1AA4B230
:1004D000B3FBF8F008FB103344EA034400FB07F7D2
:1004E000A7420AD91CEB040400F1FF3380F00A8113
:1004F000A74240F207816444023840EA0640E41B08
:1005000000261DB1D4400023C5E900433146BDE8B3
:10051000F0878B4209D9002D00F0EF800026C5E955
:10052000000130463146BDE8F087B3FA83F6002E6D
:100530004AD18B4202D3824200F2F980841A61EBE5
:10054000030301209E46002DE0D0C5E9004EDDE703
:1005500002B9FFDEB2FA82F2002A40F09280A1EBEB
:100560000C014FEA1C471FFA8CFE0126200CB1FB40
:10057000F7F307FB131140EA01410EFB03F0884239
:1005800008D91CEB010103F1FF3802D2884200F2C6
:10059000CB804346091AA4B2B1FBF7F007FB101158
:1005A00044EA01440EFB00FEA64508D91CEB0404F6
:1005B00000F1FF3102D2A64500F2BB800846A4EB51
:1005C0000E0440EA03409CE7C6F12007B34022FA3C
:1005D00007FC4CEA030C20FA07F401FA06F31C436B
:1005E000F9404FEA1C4900FA06F3B1FBF9F8200C78
:1005F0001FFA8CFE09FB181140EA014108FB0EF0BE
:10060000884202FA06F20BD91CEB010108F1FF3A0D
:1006100080F08880884240F28580A8F10208614419
:10062000091AA4B2B1FBF9F009FB101144EA014127
:1006300000FB0EFE8E4508D91CEB010100F1FF34D2
:100640006CD28E456AD90238614440EA0840A0FB6A
:100650000294A1EB0E01A142C846A64656D353D040
:100660005DB1B3EB080261EB0E0101FA07F722FA64
:1006700006F3F1401F43C5E9007100263146BDE88D
:10068000F087C2F12003D8400CFA02FC21FA03F3F0
:10069000914001434FEA1C471FFA8CFEB3FBF7F071
:1006A00007FB10360B0C43EA064300FB0EF69E4296
:1006B00004FA02F408D91CEB030300F1FF382FD22F
:1006C0009E422DD9023863449B1B89B2B3FBF7F6D7
:1006D00007FB163341EA034106FB0EF38B4208D9B0
:1006E0001CEB010106F1FF3816D28B4214D9023EF1
:1006F0006144C91A46EA004638E72E46284605E70F
:100700000646E3E61846F8E64B45A9D2B9EB0208DF
:1007100064EB0C0E0138A3E74646EAE7204694E76F
:100720004046D1E7D0467BE7023B614432E73046A2
:1007300009E76444023842E7704700BF2DE9F04101
:100740001F4F0E254FF0010801F012FA57F8044B25
:10075000013D012224F00F0604F00F0408FA04F40E
:1007600030462146A4B204F0A7F915F0FF057483C2
:10077000ECD101F0C1FB06F013FF064607F014F8B8
:100780000446D8B90F4B9E4218D001339E420DBF8C
:1007900000264FF496762C460124002006F00AFF2E
:1007A0000CB100F077F801F047FB00F025FD08B12F
:1007B00000F070F8304600F01BF9F9E72E46ECE740
:1007C000B8930008010007B008B501F09DF9A0F149
:1007D00020035842584108BD07B541F212030221D7
:1007E00001A8ADF8043001F0ADF903B05DF804FBE9
:1007F00038B5302383F31188174803680BB106F02E
:1008000081F80023154A4FF47A71134806F070F806
:10081000002383F31188124C236813B12368013B32
:100820002360636813B16368013B63600D4D2B78EF
:1008300033B963687BB9022001F060FA3223636048
:100840002B78032B07D163682BB9022001F056FAED
:100850004FF47A73636038BDD8220020F107000896
:10086000F8230020F0220020084B187003280CD831
:10087000DFE800F008050208022001F031BA02208A
:1008800001F01EBA024B00225A607047F02200208D
:10089000F8230020F8B5504B504A1C461968013126
:1008A00000F0998004339342F8D162684C4B9A422D
:1008B00040F291804B4B9B6803F1006303F50033DA
:1008C0009A4280F08880002001F06CF90220FFF746
:1008D000CBFF454B0021D3F8E820C3F8E810D3F84C
:1008E0001021C3F81011D3F81021D3F8EC20C3F86D
:1008F000EC10D3F81421C3F81411D3F81421D3F851
:10090000F020C3F8F010D3F81821C3F81811D3F869
:100910001821D3F8802042F00062C3F88020D3F879
:10092000802022F00062C3F88020D3F88020D3F822
:10093000802042F00072C3F88020D3F8802022F09B
:100940000072C3F88020D3F8803072B64FF0E023F5
:10095000C3F8084DD4E90004BFF34F8FBFF36F8F86
:10096000224AC2F88410BFF34F8F536923F48033B7
:100970005361BFF34F8FD2F8803043F6E076C3F374
:10098000C905C3F34E335B0103EA060C29464CEA62
:1009900081770139C2F87472F9D2203B13F1200F2C
:1009A000F2D1BFF34F8FBFF36F8FBFF34F8FBFF302
:1009B0006F8F536923F4003353610023C2F8503220
:1009C000BFF34F8FBFF36F8F302383F311888546BA
:1009D00080F308882047F8BD0000020820000208C4
:1009E000FFFF0108002200200044025800ED00E053
:1009F0002DE9F04F93B0B44B2022FF2100900AA8BC
:100A00009D6801F0C3F9B14A1378A3B90121B04838
:100A100011700360302383F3118803680BB105F074
:100A200071FF0023AB4A4FF47A71A94805F060FFCB
:100A3000002383F31188009B13B1A74B009A1A601F
:100A4000A64A1378032B03D000231370A24A5360E5
:100A50004FF0000A009CD3465646D146012001F0D3
:100A60003FF924B19C4B1B68002B00F0268200202C
:100A700001F04AF80390039B002BF2DB012001F008
:100A80001FF9039B213B1F2BE8D801A252F823F04A
:100A9000110B0008390B0008CD0B00085D0A000897
:100AA0005D0A00085D0A00085F0C00082F0E0008B0
:100AB000490D0008AB0D0008D30D0008F90D000822
:100AC0005D0A00080B0E00085D0A00087D0E000894
:100AD000B10B00085D0A0008C10E00081D0B0008DC
:100AE000B10B00085D0A0008AB0D00085D0A0008A4
:100AF0005D0A00085D0A00085D0A00085D0A00083A
:100B00005D0A00085D0A00085D0A0008CD0B0008B8
:100B10000220FFF759FE002840F0F981009B0221D6
:100B200005A8BAF1000F08BF1C4641F21233ADF818
:100B3000143001F007F891E74FF47A7000F0E4FF09
:100B4000071EEBDB0220FFF73FFE0028E6D0013F47
:100B5000052F00F2DE81DFE807F0030A0D101336DF
:100B60000523042105A8059300F0ECFF17E00421FC
:100B70005548F9E704215A48F6E704215948F3E7B4
:100B80004FF01C08404608F1040801F00DF804215C
:100B9000059005A800F0D6FFB8F12C0FF2D1012086
:100BA0004FF0000900FA07F747EA0B0B5FFA8BFBDF
:100BB00001F038F926B10BF00B030B2B08BF002412
:100BC000FFF70AFE4AE704214748CDE7002EA5D0EB
:100BD0000BF00B030B2BA1D10220FFF7F5FD07460D
:100BE00000289BD00120002600F0DCFF0220FFF748
:100BF0003BFE1FFA86F8404600F0E4FF0446B0B121
:100C0000039940460136A1F140025142514100F0A2
:100C1000E9FF0028EDD1BA46044641F21213022141
:100C200005A83E46ADF8143000F08CFF16E72546C7
:100C30000120FFF719FE244B9B68AB4207D92846D9
:100C400000F0B2FF013040F067810435F3E7002582
:100C5000224BBA463E461D701F4B5D60A8E7002E32
:100C60003FF45CAF0BF00B030B2B7FF457AF02206C
:100C7000FFF7FAFD322000F047FFB0F10008FFF661
:100C80004DAF18F003077FF449AF0F4A08EB050397
:100C9000926893423FF642AFB8F5807F3FF73EAF90
:100CA000124BB845019323DD4FF47A7000F02CFF0E
:100CB0000390039A002AFFF631AF039A0137019B94
:100CC00003F8012BEDE700BF00220020F4230020F1
:100CD000D8220020F1070008F8230020F02200208D
:100CE00004220020082200200C220020F4220020F0
:100CF000C820FFF769FD074600283FF40FAF1F2DFE
:100D000011D8C5F120020AAB25F003008449424501
:100D1000184428BF4246019201F012F8019AFF21BF
:100D20007F4801F033F84FEAA803C8F387027C49F3
:100D30002846019301F032F8064600283FF46DAFD3
:100D4000019B05EB830533E70220FFF73DFD0028FB
:100D50003FF4E4AE00F064FF00283FF4DFAE00276C
:100D6000B846704B9B68BB4218D91F2F11D80A9BFD
:100D700001330ED027F0030312AA134453F8203C8A
:100D800005934046042205A9043701F00BF980467B
:100D9000E7E7384600F008FF0590F2E7CDF8148049
:100DA000042105A800F0CEFE02E70023642104A878
:100DB000049300F0BDFE00287FF4B0AE0220FFF7E0
:100DC00003FD00283FF4AAAE049800F01FFF059031
:100DD000E6E70023642104A8049300F0A9FE00289C
:100DE0007FF49CAE0220FFF7EFFC00283FF496AEA4
:100DF000049800F00DFFEAE70220FFF7E5FC002869
:100E00003FF48CAE00F01CFFE1E70220FFF7DCFCB2
:100E100000283FF483AE05A9142000F017FF074611
:100E20000421049004A800F08DFE3946B9E7322071
:100E300000F06AFE071EFFF671AEBB077FF46EAED0
:100E4000384A07EB0903926893423FF667AE0220E7
:100E5000FFF7BAFC00283FF461AE27F003074F44C8
:100E6000B9453FF4A5AE484609F1040900F09CFEDF
:100E70000421059005A800F065FEF1E74FF47A70B3
:100E8000FFF7A2FC00283FF449AE00F0C9FE00289D
:100E900044D00A9B01330BD008220AA9002000F09D
:100EA0007DFF00283AD02022FF210AA800F06EFF23
:100EB000FFF792FC1C4805F047FC13B0BDE8F08F2B
:100EC000002E3FF42BAE0BF00B030B2B7FF426AE62
:100ED0000023642105A8059300F02AFE0746002898
:100EE0007FF41CAE0220FFF76FFC804600283FF421
:100EF00015AEFFF771FC41F2883005F025FC05982E
:100F000000F0D8FF46463C4600F08CFFA6E50646BA
:100F10004EE64FF0000901E6BA467EE637467CE62B
:100F2000F422002000220020A0860100704700006B
:100F300070470000704700002DE9F04100F5803750
:100F4000044616463B7C5BB9C0681030204400F074
:100F5000F7FEE5683544B5F5004FE56002D816B1F7
:100F6000BDE8F081DEB905F07F0605F11000002133
:100F7000C6F180062044F6B232462E4400F006FF49
:100F8000A06804F11008324600F10060414600F507
:100F9000003006F0B1F830B901233B74E0E74FF4BC
:100FA00000463546ECE7A26805F1100140463244A0
:100FB0002144A260E268521BE26000F0C1FE022000
:100FC000BDE8F04100F09ABE183000F0E9BC000026
:100FD00010B5044608F034F9204610BD10B504469B
:100FE00008F02EF9204610BDC3B280B2A3F1410231
:100FF000052A02D8373800B27047613B052B94BFF1
:1010000057383038F7E70000F8B50446154608466B
:1010100003220C4900F09EFE014688B908346F1C7B
:1010200015F91100FFF7E0FF064617F9110001312D
:10103000FFF7DAFF102940EA061004F8010BEFD1A0
:10104000F8BD00BFF09300082DE9F04FADF53F7DEE
:101050000746416801222AA802F098FE002840F0C5
:1010600087800646824681461125DFF80C81DFF82D
:101070000CB101AB4FF4805241462AA802F0E6FFC2
:10108000002875D1019AB2F5805F71D8002A65D029
:101090000446019A9442ECD2282D0FD008DC132D7F
:1010A0002DD01E2D39D0112D13D00134A4B2F0E76C
:1010B000322D2DD0372D2FD02D2DF6D13B68121B80
:1010C00008EB040138461B692D259847BDF80440FC
:1010D000EBE7121B022A09D9594608EB040000F07D
:1010E00039FE18B902342825A4B2DEE718F8043016
:1010F0003A2B3DD00A2B1CBFA1461325D5E718F883
:1011000004300A2B34D03A2B04BFA2463225CCE758
:1011100018F80430202BC8D0264618F804300A2BC3
:101120001AD1AAEB090208EB090102A811254F2ADE
:1011300028BF4F2208F02CF9A21B08EB060116A8C5
:101140004F2A28BF4F2208F023F93B6816AA02A9AC
:10115000DB6838469847A8E71E25A6E73B6838466F
:1011600004491B69984701200DF53F7DBDE8F08FCC
:101170000020F9E7F294000800240020F49300080E
:1011800000F1180110B5044686B00846019100F040
:10119000F1FB2046FFF758FF60B1019902A800F06B
:1011A00049FC102204F1080102A808F06DF8B0FA19
:1011B00080F0400906B010BD70B504460025EEB2BF
:1011C000304600F0FFFC58B100213046013500F0F8
:1011D00009FD08B9002070BD022000F08FFDEEE788
:1011E0002046FFF731FF0028F4D004F58034207C3E
:1011F00080F00100EFE70000F0B5C9B006F0E8F9B3
:1012000000F0FEFE18B90025284649B0F0BD694639
:101210002A4802F0DDFF00284BD1294C204603F07C
:1012200007F8284803F004F8274803F001F821469E
:10123000224803F079F80028E5D1702008F002F880
:10124000064610B1214B44600360336830469B680A
:101250009847054600282ED01A4F1948394603F002
:1012600063F805460028CED1194807F0EBFF044685
:1012700038B1184B4760036000F58033C0E9025570
:101280001D74236820469B689847054628B10E497F
:101290000C4803F049F80028B5D1336830465B6844
:1012A00098471CB1236820465B68984700F090FE81
:1012B000AAE70025FAE70446EFE700BFF893000825
:1012C000089400081F9400083594000858940008FA
:1012D00014000100749400082DE9F04FD44A8DB039
:1012E0000B68D0F804A001931A440368D14E1A4445
:1012F000D1F81C90DFF8B4C3DFF8B4B3D0E90234FE
:10130000634003EA0A03634013444A6802920AEB0B
:101310007363029CC84A2244C468224484688AEAEF
:1013200004051D40654015448A68039203EB35555A
:10133000039CC24A2244846822448AEA03042C4063
:1013400084EA0A041444CA6805EBF434049216448F
:1013500083EA0502224056445A4032440E690596FB
:1013600004EBB222059FB64E3E441E4485EA0403B8
:1013700013406B4033444E69069602EB7363069F3D
:10138000B04E3E442E4484EA02051D40654035447B
:101390008E69079603EB3555079FAB4E3E442644B6
:1013A00082EA03042C4054403444A84E4E4405EBDA
:1013B000F434164483EA050222405A4032440E6A4D
:1013C000089604EBB222089FA14E3E441E4485EAD3
:1013D000040313406B4033444E6A099602EB736377
:1013E000099F9C4ED1F830E03E44D1F83880F34458
:1013F0002E4484EA02051D40654035448E6AA6F5F8
:10140000244703EB35550A964F3F274482EA0304ED
:101410002C4054403C44CF6A0B9705EBF4340B9EB0
:101420008D4F3744029E174483EA050222405A40FA
:101430003A448A4F774404EBB2221F4485EA0403FE
:1014400013406B403B444F6BBC4402EB73636544F9
:1014500084EA020C0CEA030C8CEA040C6544DFF805
:1014600054C2C44403EB3555A44482EA03042C401F
:1014700054406444D1F83CC0794905EBF4346144EC
:10148000114483EA050222405A400A44754904EB9C
:10149000B2223144079E194484EA02032B40634080
:1014A0000B44714902EBF36331440B9E0D4482EA15
:1014B00003012140514029446C4D03EBF151354467
:1014C000019E254483EA010414405C402C44684D8D
:1014D00001EBB4443544069E154481EA04021A40E7
:1014E0004A402A44634D04EB323235440A9E1D447F
:1014F00084EA02030B4063402B445F4D02EBF3632D
:101500003544059E0D4482EA03012140514029449F
:101510005A4D03EBF1516544254483EA010414401C
:101520005C402C44564D01EBB4443544099E1544AF
:1015300081EA04021A404A402A44524D04EB3232F6
:101540003544049E1D4484EA02030B4063402B444F
:101550004D4D02EBF36345440D4482EA0301214003
:1015600051402944494D03EBF1513544089E2C4428
:1015700083EA010515405D402C44454D01EBB44420
:101580003544039E2A4481EA04051D404D402A4407
:10159000404D04EB32323D442B4484EA020593442F
:1015A0000D4065402B443C4D02EBF3633544069EF1
:1015B000294482EA0305254055402944374D03EB71
:1015C000F1514D442C4483EA010515405D4025440A
:1015D00001EBB54581EA050404EA03024A405A4496
:1015E000A6F5B82B089E05EB3232ABF2BE6B544029
:1015F0005B4423442A4C344402EB33730B9E0C446B
:1016000085EA020159402144264C344403EB7151D0
:10161000029E254482EA03044C402544224C444463
:1016200001EB3545144483EA01026A40224443E059
:1016300078A46AD7EECEBDC156B7C7E8DB702024C8
:10164000AF0F7CF52AC68747134630A8019546FDA3
:10165000D8988069AFF7448BBED75C892211906B14
:101660002108B44962251EF640B340C0515A5E2697
:10167000AAC7B6E95D102FD65314440281E6A1D85B
:10168000C8FBD3E7E6CDE121D60737C3870DD5F4F4
:10169000ED145A4505E9E3A9F8A3EFFCD9026F67F9
:1016A00081F6718722619D6D0C38E5FD937198FD7F
:1016B0008A4C2A8D8E4379A6934C344405EB7222D2
:1016C000059E1C4481EA0503534023448F4C344457
:1016D00002EB33730A9E0C4485EA0201594021440F
:1016E0008B4C4C4403EB7151254482EA03044C407B
:1016F0002C44884D354401EB3444019E154483EA63
:10170000010262402A44844D3D4404EB72221D4490
:1017100081EA040353402B44804D354402EB33737C
:10172000049E294484EA02055D4029447C4D3544E9
:1017300003EB7151079E254482EA03044C402C447C
:10174000784D354401EB3444099E2A4483EA01056F
:1017500065401544744A324404EB7525039E1344D6
:1017600081EA04026A401A44704B734405EB3272FA
:101770000B4484EA0501514019446D4B634402EB6C
:1017800071511C4485EA02034B401C44694B3344AD
:1017900001EB3444019E1D4482EA010363402B4463
:1017A000654D04EB73233544069E154463EA01023C
:1017B00062402A44614D03EBB2624D4462EA04097F
:1017C00029445F4D89EA0309454449442C445D4D51
:1017D00002EBB1513544049E61EA03081D4488EAD6
:1017E0000208444401EB744464EA02034B402B4476
:1017F000554D04EBF323754463EA010E15448EEA5C
:10180000040E0EEB0502514D03EBB262354462EA61
:10181000040E29440A9D8EEA030EA5F580164C4D50
:101820007144A6F6833602EBB151264461EA030403
:1018300054403444029E01EB7444354464EA020689
:101840001D444E407319089E424D04EBF32335446A
:1018500063EA01061544664072193F4D03EBB2621C
:10186000654462EA040629443C4D5E403144079ECB
:1018700002EBB151354461EA03062C44384D564021
:101880003D443444059E1D4401EB744464EA020364
:101890004B402B44334D04EBF32335440B9E15444E
:1018A00063EA010262402A442F4D03EBB2623544E1
:1018B000039E0D4462EA0401594029442B4D02EB7A
:1018C000B15135442A4E254461EA030454402C4466
:1018D000099D01EB74442E4464EA02051E4485EA26
:1018E00001039D1903681A440AEB040303EBF52373
:1018F0000260436083681C44C36819448460C1600B
:101900000DB0BDE8F08F00BF44EABEA4A9CFDE4B06
:10191000604BBBF670BCBFBEC67E9B28FA27A1EA0F
:101920008530EFD4051D880439D0D4D9E599DBE69C
:10193000F87CA21F6556ACC4442229F497FF2A43C1
:10194000A72394AB39A093FCC3595B6592CC0C8F51
:10195000D15D84854F7EA86FE0E62CFE144301A381
:10196000A111084E827E53F735F23ABDBBD2D72A79
:1019700091D386EB094B036003F18833436003F195
:101980002943A3F59613A3F68B638360A3F18833F1
:10199000C3600023C0E90433704700BF01234567DB
:1019A0002DE9F8431446026905460E46E300C2F3EA
:1019B000C50800F118079B18036122BF4369013372
:1019C000436112F4FC7F436903EB5473436114D009
:1019D000C8F1400907EB08004C4504D22246BDE897
:1019E000F84307F061BC403C4A464E4407F05CFCBB
:1019F000444439462846FFF76FFCA04606EB04092D
:101A0000B8F13F0FA9EB08010AD94022384607F088
:101A10004BFC39462846A8F14008FFF75DFCEFE78C
:101A2000A1096FF03F02384602FB014206EB81112B
:101A3000D5E7000070B50B6901F1180506460C46A4
:101A4000C3F3C503EA18501C8022EA54C3F13F02D5
:101A5000072A1FD8002100F099F929462046FFF7F0
:101A60003BFC38220021284600F090F923692946E2
:101A70002046236563696365FFF72EFC214610222B
:101A8000304607F011FC204658220021BDE8704086
:101A900000F07CB9C3F137020021E5E72DE9F84FEA
:101AA0004FF47A7306460D46002402FB03F7DFF875
:101AB0005080DFF8509098F900305FFA84FA5A1C91
:101AC00001D0A34210D159F824002A4631460368B8
:101AD000D3F820B03B46D847854205D1074B0120BB
:101AE00083F800A0BDE8F88F0134032CE3D14FF454
:101AF000FA7004F029FE0020F4E700BF443400200F
:101B00001022002014220020002307B502460121E4
:101B10000DF107008DF80730FFF7C0FF20B19DF8E9
:101B2000070003B05DF804FB4FF0FF30F9E7000059
:101B30000A46042108B5FFF7B1FF80F00100C0B2EA
:101B4000404208BD074B0A4630B41978064B53F89B
:101B50002140014623682046DD69044BAC4630BC79
:101B6000604700BF4434002014220020A0860100FA
:101B700070B50A4E00240A4D05F062FA30802868DC
:101B80003388834208D905F057FA2B68044401339F
:101B9000B4F5003F2B60F2D370BD00BF4634002087
:101BA0000034002005F01ABB00F1006000F50030A1
:101BB0000068704700F10060920000F5003005F009
:101BC0009BBA0000054B1A68054B1B889B1A834281
:101BD00002D9104405F030BA0020704700340020CC
:101BE0004634002038B50446074D29B12868204402
:101BF000BDE8384005F038BA2868204405F022FADC
:101C00000028F3D038BD00BF00340020002070470A
:101C100000F1FF5000F58F10D0F800087047000069
:101C2000064991F8243033B100230822086A81F86C
:101C30002430FFF7BFBF0120704700BF04340020ED
:101C4000014B1868704700BF0010005C194B013849
:101C50000322084470B51D68174BC5F30B042D0C07
:101C60001E88A6420BD15C680A46013C824213469C
:101C70000FD214F9016F4EB102F8016BF6E7013A89
:101C800003F10803ECD181420B4602D22C2203F867
:101C9000012B0424094A1688AE4204D1984284BF1D
:101CA000967803F8016B013C02F10402F3D1581A53
:101CB00070BD00BF0010005C20220020B49400081A
:101CC000022804D1054B4FF080429A6170470128E9
:101CD000FCD1024B4FF48012F7E700BF000402581A
:101CE000022804D1044B4FF480429A6170470128C6
:101CF000FCD1014B1022F8E700040258022805D15C
:101D0000064A536983F48043536170470128FCD12C
:101D1000024A536983F01003F6E700BF000402583B
:101D200070B504464FF47A764CB1412C254628BF55
:101D3000412506FB05F0641B04F006FDF4E770BDC9
:101D4000002310B5934203D0CC5CC4540133F9E7AF
:101D500010BD0000013810B510F9013F3BB191F9F9
:101D600000409C4203D11AB10131013AF4E71AB1A3
:101D700091F90020981A10BD1046FCE70346024670
:101D8000D01A12F9011B0029FAD170470244034608
:101D9000934202D003F8011BFAE770472DE9F8439C
:101DA0001F4D14460746884695F8242052BBDFF89D
:101DB00070909CB395F824302BB92022FF2148461F
:101DC0002F62FFF7E3FF95F824004146C0F10802B7
:101DD00005EB8000A24228BF2246D6B29200FFF750
:101DE000AFFF95F82430A41B17441E449044E4B27E
:101DF000F6B2082E85F82460DBD1FFF711FF00282A
:101E0000D7D108E02B6A03EB82038342CFD0FFF7E0
:101E100007FF0028CBD10020BDE8F8830120FBE7B5
:101E200004340020024B1A78024B1A70704700BF2E
:101E30004434002010220020F8B5194C194803F052
:101E40008BFF2146174803F0B3FF24684FF47A70E4
:101E5000154ED4F89020154DD2F80438114F43F0A8
:101E60000203C2F80438FFF75BFF2046104904F074
:101E7000ADF8D4F890200324D2F8043823F00203FC
:101E8000C2F804384FF4E133336055F8040BB8421C
:101E900002D0314603F0BEFE013CF6D1F8BD00BFD2
:101EA000B09C0008884500202C340020142200201B
:101EB000B89C00080C4B70B50C4D04461E780C4BBA
:101EC00055F826209A420DD00A4B002118221846B8
:101ED000FFF75CFF0460014655F82600BDE870403E
:101EE00003F098BE70BD00BF4434002014220020CF
:101EF000884500202C340020F0B5A1B071B6002335
:101F00000120002480261A46194602F07DFD4FF478
:101F1000D067214A3D25136923BBD2F810310BBB92
:101F2000036804F1006199600368C3F80CD003688A
:101F30005E6003681F6001680B6843F001030B607B
:101F400001680B6823F01E030B6001680B68DB0758
:101F5000FCD4037B8034416805FA03F3B4F5001F19
:101F60000B60D8D102F090FDB4F5001F11D0002411
:101F70000A4E0B4D012005F031F93388A34205D9F3
:101F800028682044013405F06FF8F6E7002005F0DA
:101F900025F961B621B0F0BD002000524634002082
:101FA0000034002030B50A44084D91420DD011F89C
:101FB000013B5840082340F30004013B2C4013F040
:101FC000FF0384EA5000F6D1EFE730BD2083B8ED7F
:101FD00010B5084C01220849002001F0B3FE237817
:101FE0003BB1064803F08EFD044803F0C1FD002319
:101FF000237010BD48340020C4940008A837002086
:102000001D482DE9F041036D2BB901224FF4805199
:10201000503005F01BFB194E33780BB1FFF7D8FF9A
:102020000324174F4FF00008134D15492846C7F8F1
:10203000048003F08FFD284603F0C8FB48B1013C43
:10204000284603F095FD14F0FF04EED120463470CD
:102050000FE00C4901220C4801F074FE014618B152
:10206000284603F04FFDEAE7084800F011F8012088
:102070003070BDE8F08100BFA83700204834002050
:1020800038220020C49400084C340020C894000872
:102090000FB4002004B07047006870470346006822
:1020A000596870470B0A017043700B0C090E83705E
:1020B000C1707047110A027003714170110C120E49
:1020C0008170C2701A0A42711A0C1B0E8271C371A0
:1020D00070470000C36A0239023B8B4283BF4389C9
:1020E000006C01FB0300002070470000C2F30723CF
:1020F0008A76CB760378032B01BF120C0A75120A7D
:102100004A75704700F10B010022D30143EA5203E4
:1021100010F8012B52FA83F38842DAB2F5D1104657
:102120007047000010B54178044600200131024696
:102130004901022A16BFA35C032203EBC03302F15C
:1021400001021EBF9BB203EB500398B29142F0D83C
:1021500010BD000002684AB1134613F8011B1F2985
:102160000DD93A29F9D1911C8B4202D04FF0FF30A2
:1021700070471278302AF9D1036000207047014B74
:10218000187870479836002038B50D46044618B9BF
:10219000092000232B6038BD0368002BF8D01A7883
:1021A000002AF5D08188DA889142F1D1587804F07C
:1021B00067FC10F00100EBD12368EBE738B50D4662
:1021C00040F25231144602F0B9F9FF2807D9012C28
:1021D0000BD9030A022468702B70204638BD30B139
:1021E000002CFAD001242870F7E70024F5E7044614
:1021F000F3E700002DE9F8430026D0F800800546FB
:102200000C468E76836B002B4AD098F80030042B56
:102210004BD133463546402720E0B7F5187F80F094
:10222000C480F90606F1010608BF0237D05B023709
:102230002BB900F5205292B2B2F5006F0DD305F123
:102240001A01C5F1FF0240EA03402144FFF7B6FF3F
:10225000002800F0AA80054400200346D8F810208A
:1022600092F82310B142D8D8002B40F09E80002D68
:1022700000F09B8000232544AB766373D8F81020D0
:10228000137903F03701DB0621730BD402F1380018
:10229000FFF704FFC4E9000193896381D389238197
:1022A000BDE8F88300200146F4E7C36C01335ED13A
:1022B000EA6B00232E26551E184615F8011F013023
:1022C00020290CD0052908BFE521092804D10B2BB2
:1022D0009EBFE71801337E73E718013379730B282B
:1022E000EBD1E11800204873A17E00294BD1002BCF
:1022F00040D06FF00C0604F10D000825361B331892
:1023000010F8011B002938D02E298BB24AD0A3F136
:102310004101192903D8117B0D4200D020330373EA
:10232000EDE7B9F1000F05D100F520539BB2B3F5ED
:10233000006F0BD307F11A01C7F1FF0240EA094011
:102340002144FFF73BFF48B1074400200236814695
:10235000D8F80C30985B0028E3D13846B9F1000F6B
:102360004FF0000218BF002023189A76A0E7B1466C
:102370003746EDE73F23A3760123234400219976D6
:10238000137B03B96373D37A02F11C0003F03F039C
:1023900023730023FFF780FE20606360D38A63818C
:1023A000138B7CE710250B46B9E73F230125A37665
:1023B00060E7000038B50546002435F8020B08B97F
:1023C000204638BD02F0EEF86308C2B203EBC43316
:1023D00012FA83F39AB2C0F3072303EB520303EB21
:1023E000C2339CB2E9E7000037B5C37804461BB995
:1023F0000025284603B030BD00F14C01826C01235A
:102400004078019104F062FB054680B9A36BE0704F
:10241000A06C226BC31A9342EAD2A3780199022BD3
:10242000E6D102440123607804F050FBE1E7012586
:10243000DFE7000038B5836C05460C468B4210D0B0
:10244000FFF7D2FF60B92246012305F14C016878FD
:1024500004F018FB00281CBF4FF0FF340120AC64CF
:1024600038BD0020FCE7000038B500230446C370E7
:102470004FF0FF338364FFF7DDFF00284BD1B4F842
:102480004A524AF655239D4207D10B22254904F1B1
:102490004C0006F0F9FE00283FD094F84C30EB2BAE
:1024A00003D01833DBB2012B2ED84AF655239D42B8
:1024B00006D108221C4904F19E0006F0E5FE48B34F
:1024C000B4F85730B3F5007F1ED194F85930DBB122
:1024D0005A1E1A4218D1B4F85A30ABB194F85C3095
:1024E000013B012B10D8B4F85D306BB1B4F85F300C
:1024F0007F2B06D804F16C00FFF7CEFDB0F5803FCE
:1025000002D3B4F8623053B94AF6552085420CBF65
:102510000220032038BD0420FCE70120FAE7002058
:10252000F8E700BFF49400080095000802392DE98F
:10253000F04701F007044FF0010A466C05460AFA1D
:1025400004F41746984606EB1136C1F3C809E4B205
:10255000314628460136FFF76DFF18B10120BDE86E
:10256000F087994605EB090292F84C30234214BFDC
:1025700001210021414513D06340013F82F84C30D6
:1025800085F803A0EBD0640014F0FF04EAD109F150
:10259000010301244FF00009B3F5007FE1D1D7E733
:1025A0000220DCE701290246F8B50C4640F28C8097
:1025B0000668F36A8B4240F287803378013B032B35
:1025C00000F28280DFE803F00229384B04EB540567
:1025D000B16B304601EB5521FFF72CFF10B14FF0E6
:1025E000FF30F8BD6F1CC5F30805B16B30463544AC
:1025F00001EB572195F84C50FFF71CFF0028EED156
:10260000C7F30807E3073E4496F84C0045EA00206C
:102610004CBF0009C0F30B00E3E7B16B304601EBA0
:102620001421FFF707FF0028D9D1640004F4FF74D8
:102630002644B6F84C00D4E7B16B304601EBD41118
:10264000FFF7F8FE0028CAD1A40006F14C0004F4FC
:10265000FE742044FFF720FD20F07040C1E7D0E970
:102660000430D57953EA000101D0916801B95DBB0E
:102670009168022DA4EB01010DD1013B728940F15B
:10268000FF305B0A43EAC053B3FBF2F399421BD815
:102690001CD0601CA5E7032D02D193698B42F8D8AA
:1026A000D3699BB9B16B304601EBD411FFF7C2FE81
:1026B000002894D1A0004C3600F4FE703044FFF79F
:1026C000EBFC20F000408CE701208AE76FF000402F
:1026D00087E70000F8B5066804460D463378042BFA
:1026E0000CBF4FF080524FF400128A4201D80220F2
:1026F000F8BDCA06FBD182680163D2B9022B13D898
:102700003389B3EB551FF2D9F36BA363A36B6263F9
:10271000002BECD003EB55234C36C5F30805002005
:10272000A3633544E563E3E7F36BC271002BE7D0A5
:102730001A4677897F02BD42114604D23046FFF720
:10274000C9FCA063E2E72046FFF72CFF431C0246CA
:1027500006D00128CBD9F36A8342C8D9ED1BEAE73A
:102760000120C5E701292DE9F04706460C4617462A
:1027700008D9C36A8B4205D90378022B62D003D8EB
:10278000012B22D0022552E0033B012BFAD8816BAA
:1027900001EBD411FFF74EFE0546002847D1A400F7
:1027A00006F14C0304F4FE741C443378042B07D068
:1027B000204627F07047FFF76FFC00F0704007439A
:1027C00039462046FFF76EFC2FE001EB5108816B84
:1027D00001EB5821FFF72EFE054640BB14F0010423
:1027E00006F14C0908F1010AC8F3080808BFFBB25A
:1027F00030461FBF19F8083003F00F023B0103F009
:10280000F00318BF134309F808300123B16BF370CC
:1028100001EB5A21FFF70EFE054640B9CAF3080A3C
:1028200044B1C7F3071709F80A700123F37028466B
:10283000BDE8F08719F80A30C7F3032723F00F0328
:102840001F43F0E7816B01EB1421FFF7F3FD054611
:102850000028ECD1640006F14C0304F4FF741F550A
:102860001919C7F307274F70DFE70000F8B50446D2
:102870000E461746E3690BB91846F8BD012BA6EBC7
:102880000305206814BFAA1C3A46691CFFF76AFFBB
:102890000028F2D1E369013BE361EBE701292DE96F
:1028A000F84306460C461746056802D80220BDE8E4
:1028B000F883EB6A8B42F9D97AB9A14621463046B2
:1028C000A046FFF76FFE0446B0B92B78042B02D167
:1028D000002F43D1F7710020E9E72B78042B02D1B8
:1028E000C379022BE9D04FF0FF3239462846FFF773
:1028F00039FF0028E1D0DAE70128D7D0421C01D106
:102900000120D4E72B78042B19D1EA6AAB69023A8B
:1029100093421CD308F10102A2420CD02B78042B65
:1029200008D10023A2EB090249462846FFF7FEFD25
:102930000028BCD1A146EB6AA342BFD8C5E700225C
:1029400041462846FFF70EFF0028DED0AFE70133EF
:10295000AB612B7943F001032B71DBE7F3798BB982
:10296000B468BC4202D10223F371B4E72146304679
:10297000FFF718FE012899D9431CC1D001348442C5
:10298000EFD0A8E7032BA6D1B368BB42A3D8B269A6
:102990001344BB429FD3E6E770B5C3790446032BCB
:1029A00006D181688369CD18A94203D10023E37160
:1029B000002070BD4E1C20683246FFF7D3FE002871
:1029C000F7D13146F0E700002DE9F74305460191C4
:1029D000FFF70AFD0446002849D105F14C09019989
:1029E00028464FF40072FFF775FB2146A86407469E
:1029F0004846FFF7CBF96C896402B4F5004F28BF55
:102A00004FF40044B4F5007F2FD9204604F0C6FCF3
:102A1000804630B122460021640A0026FFF7B6F94D
:102A200009E06408EEE72346BA194146687804F0E5
:102A30004DF818B926446B899E42F4D3404604F001
:102A4000BDFC6889801B18BF012003B0BDE8F0837E
:102A500001366B899E42F4D20123BA19494668783F
:102A600004F034F80028F3D0EBE70026F1E701206A
:102A7000EBE70000F8B50446FFF7B6FC0546002872
:102A800042D12378032B37D12779012F34D104F198
:102A90004C0601464FF400723046FFF777F9552394
:102AA0004122722184F84A32AA2304F50D7084F879
:102AB0004F2084F84B32522384F8301284F84C3083
:102AC00084F84D30612384F8311284F84E3084F854
:102AD0003332A16984F83222FFF7E4FA616904F520
:102AE0000E70FFF7DFFA626B3B46314601326078C9
:102AF000A26403F0EBFF257100226078114604F018
:102B000009F8003818BF0120F8BD000000232DE9A6
:102B1000F0430B6085B00F461546FFF71BFB061E02
:102B2000C0F2B281804B53F82640002C00F0AE81F9
:102B30003C6005F0FE0523786BB1607803F0A0FFE0
:102B4000C70708D41DB110F0040500D00A25284697
:102B500005B0BDE8F0830023F0B22370607003F08D
:102B60007BFFC10700F194810DB14207EED4002133
:102B70002046FFF779FC022840F099806E4604F267
:102B8000122304F25221324618461033FFF784FA1A
:102B900042F8040B8B42F7D1002556F8041B00299C
:102BA0007DD02046FFF760FC012879D80128A26C6F
:102BB00040F0C08004F1570304F18C0113F8015B6D
:102BC000002D7BD18B42F9D1B4F8B430B3F5807FBE
:102BD00074D194F8B830092B70D104F19400FFF748
:102BE0005DFA4FF0FF33171841F10001BB4275EB5E
:102BF000010363D304F1A000FFF74EFA94F8BA3052
:102C00002063012BA37059D194F8B99003FA09F904
:102C10001FFA89F36381002B50D0444B04F1A800C4
:102C2000FFF73AFA0646984248D8831C626304F1DB
:102C3000A400E362FFF730FA00EB020804F19C0005
:102C4000C4F84080FFF728FA10441FFA89F2A06305
:102C500006FB02F313EB080345EB05029F4271EB01
:102C600002032BD32E4604F1AC00FFF715FAE06304
:102C700065B96389B34221D9E16B2046FFF72AFA8F
:102C800081192046FFF7D6FB98B90136631993F8EE
:102C90004C30812B14D02035C5F30805E8E703201C
:102CA0000135042D7FF479AF042807D101E0042811
:102CB00001D101254BE701287FF678AF0D2546E7C6
:102CC00005F1140004F14C063044FFF7E5F9012842
:102CD0000546F3D9E36A8342F0D96189821E236CE9
:102CE00002FB01336364A16B204601EBD511FFF7B2
:102CF000A1FB0028DDD105F07F0006EB8000FFF787
:102D0000CBF9431C03D00135A842ECD0D6E704250B
:102D1000C4E90500064A257000251388E5610133E2
:102D20009BB21380E38012E79C360020FDFFFF7FFB
:102D3000A0360020B4F85730B3F5007FBED1B4F808
:102D4000626026B904F17000FFF7A6F9064694F810
:102D50005C302663591EA3700129AFD894F85950EE
:102D60006581002DAAD0691E2942A7D1B4F85D80E3
:102D700018F00F0FA4F80880A0D1B4F85F0018B9BC
:102D800004F16C00FFF788F9B4F85A10002995D0C7
:102D900006FB03FE01EB181CF44460458ED3A0EB48
:102DA0000C00A842B0FBF5F388D33E48834285D897
:102DB0004FF6F57083426DD903259F1C114402EB39
:102DC0000C03032DE7626263A16323644CD1B4F862
:102DD000763053EA08037FF471AFBB0004F178004A
:102DE000FFF75AF9E06303F2FF13B6EB532FFFF43A
:102DF00065AF4FF0FF33032DC4E905334FF0800377
:102E0000237187D1B4F87C30012B83D1511C20462B
:102E1000FFF710FB00287FF47DAFB4F84A224AF692
:102E2000552320719A427FF475AF1F4B04F14C007B
:102E3000FFF732F998427FF46DAF03F1FF5304F5C9
:102E40000C70FFF729F903F50053203398427FF403
:102E500061AF04F50D70FFF71FF9A06104F50E7066
:102E6000FFF71AF9606155E7B8F1000F3FF426AF9C
:102E70007144022D4FEA4703E1631EBFD91907F0E1
:102E8000010303EB5103AEE70B2560E60C255EE67C
:102E900003255CE640F6F575AB428CBF02250125A3
:102EA0008BE700BFF5FFFF0F525261412DE9F84F4C
:102EB00007460568884649B96E69C6B1EB6AB342F0
:102EC00098BF0126AB69A3B9002405E0FFF76AFBB0
:102ED0000128044603D801242046BDE8F88F421C8F
:102EE00000F0D280EB6A8342F6D84646EAE7012634
:102EF000E8E72A78EB6A042A40F08380A6F1020A08
:102F0000023B4FF0010B9A4528BF4FF0000AD14613
:102F1000696C284601EB1931FFF78CFA00283BD188
:102F200009F00703EA6AC9F3C8010BFA03F3901E1C
:102F3000DBB26A184C4609F1010992F84C20814530
:102F400002EA030233BF5B0000234FF40071DBB2DF
:102F500028BF9946B2B90234631E0333BCD801239B
:102F6000214628461A46FFF7E1FA0228B3D0012885
:102F700000F08A80B8F1000F13D10223FB71002802
:102F8000A9D130E0CA450AD0002BD2D10131B1F528
:102F9000007FBDD20123CCE74FF0FF34DCE70024F3
:102FA000DAE7FB79022B07D1731CA342E7D0BB6899
:102FB000F31ABB610323FB7108F10102FB69A24212
:102FC00005D113B10133FB61D9E70223FBE70BB94C
:102FD0000123FB61224641463846FFF747FC0028A3
:102FE0004FD10123FB61EA6AAB69023A6C619342FB
:102FF0009CBF03F1FF33AB612B7943F001032B71CD
:103000006AE7464514D1741C3846A34298BF02248F
:103010002146FFF7C7FA01283FF45DAF431C33D0C8
:10302000E0B16B69012B03D9EA6A934238BF1E46AF
:1030300034460134EB6AA34203D8012E7FF644AF35
:10304000022421463846FFF7ADFA48B101283FF483
:1030500042AF013018D0B442EBD135E7002CE7D0B5
:103060004FF0FF3221462846FFF77CFB48B9B8F104
:10307000000FB8D0224641462846FFF773FB0028D0
:10308000B1D001287FF427AF4FF0FF3424E70000D0
:103090002DE9F84306680446076B894633782037E4
:1030A000042B0CBF4FF080534FF40013BB429CBF66
:1030B00000238363836B73B1C7F30808B8F1000F73
:1030C0003CD10133416B836339B93389B3EB571F6B
:1030D00034D80023A36304200AE07389013B13EA78
:1030E00057232BD1FFF75EFA0128054602D80220AC
:1030F000BDE8F883421C01D10120F9E7F36A83425D
:1031000016D8B9F1000FE4D0616B2046FFF7CEFE70
:103110000546C8B10128EAD0431CEDD0014630462F
:10312000FFF752FC0028E7D1E37943F00403E37191
:10313000294630466563FEF7CDFFA0634C3600207C
:1031400027634644E663D3E70720D1E7F8B50E4688
:10315000002104460768FFF7BDFA98B90546A16B40
:103160003846FFF767F968B93A78E36B042A1B78A9
:103170000CD11B060ED5054601212046FFF788FF1E
:103180000028ECD0042808BF072006E0E52B01D07A
:10319000002BF0D10135B542EED1F8BDC16C4B1C0E
:1031A0002DE9F04104460568066B1FD1E5274FF075
:1031B0000108A16B2846FFF73DF998B92A78E36B1F
:1031C000042A09BF1A781F7002F07F021A7085F86E
:1031D0000380236BB3420DD200212046FFF758FF36
:1031E0000028E6D0042808BF022003E0FFF772FAA7
:1031F0000028DBD0BDE8F0812DE9F04105460068EC
:10320000A96B0669FFF716F9044620B9EB6B1A782B
:10321000852A03D002242046BDE8F081324603F11E
:10322000200153F8040B8B4242F8040BF9D1777854
:1032300001377F01A7F16003B3F5007FEAD80021D1
:103240002846FFF725FF04280446E3D00028E2D1F2
:10325000A96B2868FFF7EEF804460028DBD1EB6B7A
:103260001A78C02AD6D106F1200203F1200153F8C2
:10327000040B8B4242F8040BF9D196F823300F224D
:103280002C33B3FBF2F3B7EB431FC3D34FF040082B
:1032900000212846FFF7FCFE04280446BAD0002887
:1032A000B9D1A96B2868FFF7C5F804460028B2D148
:1032B000EB6B1A78C12AADD1B8F5187F09D206EBAD
:1032C000080203F1200153F8040B8B4242F8040B6F
:1032D000F9D108F120084745DAD8B8F5187F9AD80F
:1032E0003046FEF71FFF7388834294D092E70000B8
:1032F0000B68002210B5036004460B6A83604B6ABA
:10330000C261C37123F0FF03896AC0E90432C1645A
:10331000FFF7E0F920B92046BDE81040FFF76CBF89
:1033200010BD0000F8B50368054601271C6920465A
:10333000FEF7F8FEA070000A6678E0702846E96C97
:10334000FFF7C8F920B1022828BF0220C0B2F8BD9B
:10335000A96B2868FFF76EF80028F4D1EB6B04F135
:10336000200254F8041B944243F8041BF9D12B6843
:10337000DF70002EE7D000212846013EFFF788FECF
:10338000E0E700002DE9F8434FF0FF080646076824
:10339000042445464FF6FF79B16B11B9002C73D068
:1033A00063E03846FFF746F8044600285DD1F06B2D
:1033B0000378002B6ED03A78042A11D1852B4DD199
:1033C000336B3046F364FFF717FF044600284CD1F7
:1033D0003B691B7903F03F03B3712046BDE8F883D6
:1033E000C27AE52B02F03F02B27143D02E2B41D0BE
:1033F00022F0200108293DD00F2A40D1590637D5A7
:1034000003F0BF05336B90F80D80F364437B4345B5
:1034100030D1428B72BB03780D21FC6823F040034E
:10342000DFF874E0013B4B4301211EF801CB30F87B
:103430000CC009B3FF2B1DD824F813C0614601331B
:1034400001320D2AF1D10278520605D521B1FF2BA8
:1034500010D8002224F81320013DEDB2002130469F
:10346000FFF716FE0446002896D00023B363B4E7A6
:10347000AB42CBD0FF25F1E7CC45E1D0FAE72DB93F
:10348000FEF740FE404501D10024A6E74FF0FF3390
:10349000F364A2E70424E8E79C9500082DE9F04FC7
:1034A000002187B00446D0F80090FFF713F980465A
:1034B00070B999F80030042B33D1D9F80C00FEF71D
:1034C00079FF07462046FFF75DFF054620B180469D
:1034D000404607B0BDE8F08FD9F810309A8CBA4258
:1034E000F0D193F823B040265D4506D1D9F80C30D1
:1034F00033F81530002BE5D1EAE7F106D9F81030A2
:1035000008BF0236985B01F04DF8D9F80C308246BE
:1035100033F8150001F046F88245D3D10236013563
:10352000E2E74FF0FF0A4FF0FF3B5546C4F84CB0BE
:10353000A16B4846FEF77EFF00285CD1E66B37782A
:10354000002F77D0F27AE52F02F03F03A37103D06A
:10355000120704D50F2B04D0C4F84CB04FE00F2B4A
:1035600054D194F84B3058063FD4790645D5236B97
:1035700007F0BF0796F80DA0E364737B53453ED177
:10358000738B002B3BD135780121D9F80C3005F035
:103590003F0501930D23013D5D43284B13F8012B9B
:1035A000B25A71B3FF2D059329D81046049200F04A
:1035B000F9FF6B1C03900293019B33F8150000F098
:1035C000F1FF039981421AD1049A029D1146059B8D
:1035D0001B4A9342E2D133785A0604D519B1019BB4
:1035E00033F815305BB97D1EEDB200212046FFF7A0
:1035F0004FFD00289CD080466AE7BD42BDD0FF2524
:10360000F3E74FF6FF708242E2D0F8E72DB930467B
:10361000FEF778FD50453FF45BAF94F84B30DB0785
:103620009AD40B2204F14001304605F02DFE00280B
:1036300092D14DE74FF004084AE700BF9C9500087F
:10364000A99500082DE9F04F90F84BB099B00446C9
:103650001BF0A00540F068810668F26832F815306A
:10366000002B4AD13378042B40F087800F230E358E
:103670002046B5FBF3F5A91CFFF768FD814600283D
:1036800077D1236B0135A3EB4515E3795A07E56440
:1036900035D523F004032046E371FFF77DF950BBD5
:1036A0004FF0FF32616B2046FFF7E0F818BBA368CC
:1036B0002BB3214604A8FFF71BFEE0B970894FF435
:1036C0000071D4E90423E0FB01233069C4E9042339
:1036D0003830FEF7EFFC3069D4E904232830FEF7D8
:1036E000E9FCE379326904A843F0010382F8213050
:1036F000FFF718FE18B181463BE00135AEE7D6E989
:103700000354402200212046FEF740FB852301217F
:1037100040222370C0234FF0C10C04EB010884F851
:10372000203000231E469E46571C04F802C0F0B20B
:10373000023204F807E021B135F8131009B1013362
:10374000DBB20F0AA15408F802700232D706F2D198
:1037500035F813700136002FE6D184F82330831C2E
:1037600028466370FEF726FE84F82400000A84F8D9
:103770002500484619B0BDE8F08F04F140070DF16F
:10378000100A1BF0010F97E807008AE8070000F015
:10379000D38040234FF0010884F84B30BC46F368D7
:1037A000B8F1050F9AE80700ACE803002CF8022BEB
:1037B0004FEA12428CF8002059D9981E424630F840
:1037C000021F002942D10DF10F0C072102F00F0E4C
:1037D000914612090EF13000392888BF0EF13700EA
:1037E00001390CF8010902D0B9F10F0FEED818AB6E
:1037F0007E205A1802F8580C38460022914206D012
:1038000010F801CB02F1010EBCF1200F31D104F10F
:103810003F0C072902F1010297BF18AB202058186E
:10382000013198BF10F8580C072A0CF80200F0D9A3
:103830002046FFF733FE8146002878D108F10108C1
:10384000B8F1640FAAD14FF0070992E74FF0100CBE
:1038500001F0010E49080EEB4202D30344BF82F48B
:10386000883282F02102BCF1010CF1D1A7E7424677
:10387000A9E77246C2E7216B2046A1EB4511FEF78E
:1038800029FF814600287FF474AF4FF6FF78384651
:10389000FEF738FC0190A16B3046FEF7CBFD814668
:1038A00000287FF466AFE36BE9B2019A4FF00D0C8C
:1038B000D6F80CE05A734FF00F02DFF8E0A0DA728E
:1038C0004A1E18730CFB02F284469876D87640455F
:1038D0001AF8019B0CF1010C18BF3EF8120003EB23
:1038E000090B18BF013203F809004FEA102900281C
:1038F00008BF4046BCF10D0F8BF80190E7D1404561
:1039000002D03EF812200AB941F04001197001239B
:1039100000212046F370FFF7BBFB814600287FF4AF
:1039200028AF013DB7D11BE04FF0060921E704287D
:103930007FF41FAF84F84BB01BF0020F20461BBF73
:103940000C350D210125B5FBF1F518BF01352946D0
:10395000FFF7FCFB814600287FF40BAF013D8AD1C5
:10396000A16B3046FEF766FD814600287FF401AF6B
:1039700001462022E06BFEF709FAE36B03CF1860E3
:103980005960BA7839889A72198194F84B30E26B91
:1039900003F0180313730123F370EAE69C95000803
:1039A00010B504460A463430FEF776FB886004F111
:1039B0003800FEF773FBC2E9040194F8213003F0EC
:1039C0000203D3710023D36110BD000003284B8B89
:1039D00004BF8A8A43EA0243184670472DE9F04F34
:1039E0000B7899B0044689462F2BD0F800B001D04F
:1039F0005C2B09D14A461378914601322F2BFAD01D
:103A00005C2BF8D0002301E0DBF81C30A36000231E
:103A1000E3619BF80030042B1ED1A368E3B1DBF80F
:103A20002030214604A82362DBF824306362DBF8EF
:103A30002830A362FFF75CFC0346002854D1DBF872
:103A4000102002F13800FEF727FBC4E9040392F8C6
:103A5000213003F00203E37199F800301F2B00F2CC
:103A6000358180230021204684F84B3019B0BDE811
:103A7000F04FFEF72FBE49460B78894601312F2BB8
:103A8000FAD05C2BF8D01F2B8CBF00250425012F0A
:103A90002FD113882E2B31D1002322F8173004F1B7
:103AA00040029F428CBF2E21202101330B2B02F8B4
:103AB000011BF6D145F02005204684F84B50FFF756
:103AC000EDFC94F84B30002800F0E78004280BD17F
:103AD000990603F0040240F1DC80002A00F0F68031
:103AE0008023002084F84B3019B0BDE8F08F042506
:103AF000CDE7022F02D153882E2BCAD0911E87BB4F
:103B0000002322F81730002F00F0118132F8130043
:103B1000194601332028F9D009B92E2801D145F0E2
:103B20000305901E30F817302E2B01D0013FF9D13C
:103B30004FF020334FF0000A6364D0462364C4F88A
:103B400047300823481C32F811600090F6B1202E4F
:103B500003D02E2E0DD1B84210D045F003050099A8
:103B6000F0E731F81730202B01D02E2BC8D1013FC0
:103B7000C5E79A4505D20099B9423BD10B2B30D10C
:103B800001E00B2B27D145F003050B2394F84020CF
:103B9000E52A04BF052284F84020082B04BF4FEA21
:103BA00088085FFA88F808F00C030C2B03D008F0A3
:103BB0000303032B01D145F00205A8073FF57CAFB5
:103BC00018F0010F18BF45F0100518F0040F18BFCA
:103BD00045F0080570E70099B94202D045F00305A9
:103BE000D4D84FEA88080B234FF0080A00975FFAF1
:103BF00088F8B4E77F2E15D9304640F25231CDE92E
:103C0000022345F00203019300F098FC10F0800FAE
:103C10000646DDE9022316D000F07F0646498E5D98
:103C2000019D46B331464548CDE9012305F09AFB95
:103C3000DDE90123F8B9A6F1410189B219291ED89D
:103C400048F0020810E0FF28EAD9591E8A4503D33C
:103C500045F003059A4682E704EB0A01000A0AF1DF
:103C6000010A019D81F8400004EB0A010AF1010AF2
:103C700081F8406073E745F003055F26F4E7A6F19D
:103C8000610189B219299EBF203E48F00108B6B2F1
:103C9000EAE7002A08BF052026E75A073FF524AFC8
:103CA000A379DB0645D59BF80000042835D1A3682D
:103CB0002146E27923622369DBF8100023F0FF0339
:103CC00013436362E36CA362FFF76AFE2368002775
:103CD000DA6819F8010B00283FF409AF40F25231BD
:103CE000009200F04BFC054608B31F28009A7FF6AF
:103CF000FEAE2F283FF4BFAE5C283FF4BCAE7F2859
:103D000005D801460E4805F02DFB009A78B9FF2F23
:103D10000DD022F817500137DBE7216B0BF14C0374
:103D2000C1F308011944FFF751FEA060CEE7062059
:103D3000DAE60520D8E600BF1C95000815950008B6
:103D40000C9500081FB5CDE9001003A81446039197
:103D5000FEF700FA002815DB0B4A52F820300BB1B1
:103D600000211970019B0BB10021197042F820301D
:103D70002CB1002201A96846FEF7C8FE0446204681
:103D800004B010BD0B24FAE79C3600202DE9F04763
:103D900098B0904605460191002800F0528102F04B
:103DA0003F0603A901A83246FEF7B0FE002840F006
:103DB0004681039B4FF48C60049303F0EFFA0746AF
:103DC000002800F04081039B00F500720199D86043
:103DD00004A81A61FFF702FE044620B99DF95B3082
:103DE000002BB8BF062418F01C0F00F0CD80002C6B
:103DF0004CD0042C40D104A8FFF724FC0446002832
:103E00003AD146F00806039B1A78042A40F08380D2
:103E1000186929462B60FFF7C3FD039B1E22002172
:103E200018690230FDF7B2FF039C00211A222069B5
:103E30002630FDF7ABFF236920221A71246903F0B5
:103E4000E7FA0146012208342046FEF72BF9039BCE
:103E500004A81B6983F82120FFF764FA044658B9C7
:103E6000A96801B302462846FEF718FDAB68039A1D
:103E70000446013B5361B4B1384603F09FFA0CB1DC
:103E800000232B60204618B0BDE8F0879DF816305F
:103E900013F0110F40F0848018F0040F40F0C98037
:103EA00018F0080FAFD1039A31071399936C48BFEC
:103EB00046F04006E964AB641078042872D1069B92
:103EC0009DF817102B62089B106923F0FF030B432A
:103ED00029466B62179BAB62FFF762FDDDF80CA011
:103EE0000024002205F15008BAF806302146404669
:103EF000C5F800A0AB80002385F8306085F831401C
:103F00006C64C5E90E234FF40072FDF73FFFB20663
:103F100053D40024B0E703F07BFA014600901398D5
:103F20000E30FEF7BFF8139800991630FEF7BAF876
:103F3000039C13992078FFF749FD20230022804637
:103F4000CB7220461399FEF7D1F8139B0022012172
:103F50001A775A779A77DA77039BD970B8F1000FFE
:103F6000A1D0414604A8D3F84890FEF797FC044638
:103F7000002881D149460398FEF75CFA039B04466A
:103F800008F1FF30586176E7002C7FF475AF9DF89B
:103F90001630DC064FD418F0020F84D0D80782D533
:103FA000072469E7FFF712FD0023A86001F11C0058
:103FB000FEF772F86B61286190E7D5E9046956EA6B
:103FC0000903A6D0BAF80AA0A9684FEA4A2AC5E9A7
:103FD0000E69B24574EB09031BD300242964002C3D
:103FE0007FF44AAFC6F30803002B92D0039C20460F
:103FF000FEF770F808B3760A0123414646EAC9562F
:1040000082196A64607802F03DFD041E18BF012425
:1040100032E72846FEF7C6FAB6EB0A06014669F112
:104020000009012803D9431CD3D10124D6E7022477
:10403000D4E7082420E704241EE702241CE70446F2
:104040001EE709241EE711241CE700002DE9F04FAC
:10405000994685B00023884603A90446C9F8003074
:104060001646FEF791F8054680BB94F831506DBBBB
:1040700094F8303013F00103009300F0A68004F1AF
:10408000500AD4E90432D4E90E011B1A62EB010292
:10409000B34272F1000238BF1E46BEB1D4E90E1021
:1040A000C1F30803002B40F08280039B5A894B0A1E
:1040B000013A43EAC0531A401BD151EA000309D127
:1040C000A06801280DD8022584F83150284605B093
:1040D000BDE8F08F216C20460192FEF763FA019A49
:1040E000EFE7431C04D10123009D84F83130EDE754
:1040F0002064DDF80CB0216C5846FDF7EBFF00287A
:10410000E1D0B6F5007F02EB000731D3BBF80A100F
:1041100002EB5620730A88429BF8010088BF8B1A75
:104120003A464146019302F0ADFC0028DBD194F9F8
:104130003020019B002A0BDA606CC01B984207D22A
:104140004FF40072514608EB4020FDF7F9FD019B4A
:104150005F02D9F80030F61BB8443B44C9F8003080
:10416000D4E90E32DB1942F10002C4E90E3294E7C1
:10417000626CBA421AD094F93030002B0DDA012368
:1041800051469BF8010002F0A1FC0028ABD194F845
:10419000303003F07F0384F83030039801233A462F
:1041A0005146407802F06EFC00289CD16764A16BF8
:1041B0004046C1F30801C1F500775144B74228BF1A
:1041C00037463A46FDF7BCFDC3E707257EE700000A
:1041D00070B596B00E460022019002A901A8FEF724
:1041E00095FC0446E0B94FF48C6003F0D7F805461F
:1041F000D8B1029B00F500720199D86002A81A613B
:10420000FFF7ECFB044640B99DF95330002B0ADB65
:104210001EB1314602A8FDF7EDFF284603F0CEF8A7
:10422000204616B070BD0624F7E71124F8E7000019
:1042300070B5B8B00222019003A901A8FEF766FC90
:10424000044608BB039B4FF48C60109303F0A6F860
:104250000546002866D0039B00F500720199D860DE
:1042600010A81A61FFF7BAFB044650B99DF88B30CD
:10427000980655D4190653D49DF84630DA0706D56A
:104280000724284603F09AF8204638B070BD039BF7
:1042900004931878042814D104A91869FFF780FB47
:1042A000069E9DF84630DB0610D410A8FEF776FF78
:1042B00004460028E5D156BB0398FEF7DBFB044615
:1042C000DFE71F99FFF782FB0646EAE7039BDA69FF
:1042D000B242D5D024930021269624A81B78042B23
:1042E00001BFDDE90823CDE928239DF817308DF8BB
:1042F0009730FEF7EFF904460028C2D124A8FFF753
:1043000041F804460028BBD00428BAD1CDE70246C4
:10431000314604A8FEF7C2FA04460028B1D1CBE723
:104320000624AEE71124AFE7F0B5BDB0CDE900102B
:104330006846FDF70FFF022203A901A8FEF7E6FB7E
:104340000446002841D1039B4FF48C60149303F082
:1043500025F80546002800F0EE80039B00F500726A
:1043600014AE0199D8601A613046FFF737FB044656
:1043700040BB9DF89B3013F0A00F40F0D880039B0A
:10438000009F1A78042A68D11B6904AC03F1400C21
:104390001868083353F8041C2246634503C21446C8
:1043A000F6D15022314628A8FDF7CAFC394628A884
:1043B000FFF714FB044600284CD12A9A169B9A4218
:1043C00006D00824284602F0F9FF20463DB0F0BD93
:1043D000349A209B9A42F4D128A8FFF733F9044677
:1043E0000028EFD1039B04AF1B6993F801E093F819
:1043F00023C09C8C3A46083303CAB24243F8080CE7
:1044000043F8041C1746F5D1039B28A81B6983F8C1
:1044100001E0039B1A6982F823C01A6982F82440DC
:10442000240A82F825401A691379D9065CBF43F043
:1044300020031371FEF776FF04460028C2D13046F0
:10444000FEF7ACFE04460028BCD10398FEF712FB31
:104450000446B7E70428B5D1BEE7239A04AB02F1BE
:10446000200C1068083252F8041C1C46624503C434
:104470002346F6D15022314628A8FDF761FC394683
:1044800028A8FFF7ABFA044600284CD12A9A169BBD
:104490009A4296D1349A209B9A4292D128A8FFF74B
:1044A000D1F8044600288DD137990DF11D030DF187
:1044B0002D0001F10D0253F8044B834242F8044BE6
:1044C000F9D11888012710809B7893709DF81B30D4
:1044D000039CDA0658BF43F02003CB72E770CB7A17
:1044E000DB06ACD5169A2A9B9A42A8D02078FFF713
:1044F0006DFA01462046FDF7EDFD0146C8B12046A4
:10450000FDF798FF044600287FF45CAF039890F80D
:104510006D302E2B93D12A9A00F16C01FDF7E6FD48
:10452000039BDF708BE704287FF44CAFB6E70624CB
:1045300048E7022446E7112447E700007F2810B52A
:1045400001D880B210BDB0F5803F13D240F2523393
:1045500099420FD10849002231F8024B93B28442AC
:1045600003D103F18000C0B2ECE70132802AF3D11D
:104570001346F6E70020E5E75C9800087F280DD990
:1045800040F25233994208D1FF2806D800F100408A
:10459000034B803833F8100070470020704700BF8D
:1045A0005C980008B0F5803FF0B522D21F4A83B274
:1045B0001F49B0F5805F28BF0A46141D34F8042C4B
:1045C0002146AAB1934213D334F8025C2E0AEFB20B
:1045D00052FA85F5A84222DA082E09D8DFE806F05B
:1045E000050A10121416181A1C00801A34F810301C
:1045F0001846F0BD981A00F001001B1A9BB2F7E7AD
:10460000103BFBE7203BF9E7303BF7E71A3BF5E7C8
:104610000833F3E7503BF1E7A3F5E353EEE7043447
:10462000002ECBD101EB4702C7E700BFAC950008D5
:10463000A097000808B5074B074A196801F03D012B
:10464000996053680BB190689847BDE8084003F043
:10465000EDB800BF00000240A436002008B5084BAA
:104660001968890901F03D018A019A60054AD368F9
:104670000BB110699847BDE8084003F0D7B800BFF8
:1046800000000240A436002008B5084B1968090C48
:1046900001F03D010A049A60054A53690BB1906923
:1046A0009847BDE8084003F0C1B800BF00000240D1
:1046B000A436002008B5084B1968890D01F03D01AA
:1046C0008A059A60054AD3690BB1106A9847BDE81C
:1046D000084003F0ABB800BF00000240A436002041
:1046E00008B5074B074A596801F03D01D960536A84
:1046F0000BB1906A9847BDE8084003F097B800BF37
:1047000000000240A436002008B5084B596889090A
:1047100001F03D018A01DA60054AD36A0BB1106BE2
:104720009847BDE8084003F081B800BF0000024090
:10473000A436002008B5084B5968090C01F03D016A
:104740000A04DA60054A536B0BB1906B9847BDE8D9
:10475000084003F06BB800BF00000240A436002000
:1047600008B5084B5968890D01F03D018A05DA60EA
:10477000054AD36B0BB1106C9847BDE8084003F0B5
:1047800055B800BF00000240A436002008B5074B12
:10479000074A196801F03D019960536C0BB1906CA8
:1047A0009847BDE8084003F041B800BF000402404C
:1047B000A436002008B5084B1968890901F03D01AD
:1047C0008A019A60054AD36C0BB1106D9847BDE819
:1047D000084003F02BB800BF00040240A4360020BC
:1047E00008B5084B1968090C01F03D010A049A60EC
:1047F000054A536D0BB1906D9847BDE8084003F032
:1048000015B800BF00040240A436002008B5084BCC
:104810001968890D01F03D018A059A60054AD36D3A
:104820000BB1106E9847BDE8084002F0FFBF00BF13
:1048300000040240A436002008B5074B074A596817
:1048400001F03D01D960536E0BB1906E9847BDE801
:10485000084002F0EBBF00BF00040240A436002075
:1048600008B5084B5968890901F03D018A01DA60F1
:10487000054AD36E0BB1106F9847BDE8084002F0AF
:10488000D5BF00BF00040240A436002008B5084B85
:104890005968090C01F03D010A04DA60054A536FBA
:1048A0000BB1906F9847BDE8084002F0BFBF00BF52
:1048B00000040240A436002008B5084B5968890D51
:1048C00001F03D018A05DA60054AD36F13B1D2F8D1
:1048D00080009847BDE8084002F0A8BF00040240ED
:1048E000A436002000230C4910B51A460B4C0B606F
:1048F00054F82300026001EB430004334260402B74
:10490000F6D1074A4FF0FF339360D360C2F8083402
:10491000C2F80C3410BD00BFA43600205C9900081A
:10492000000002400F28F8B510D9102810D0112827
:1049300011D0122808D10F240720DFF8C8E0012683
:10494000DEF80050A04208D9002653E00446F4E700
:104950000F240020F1E70724FBE706FA00F73D42A9
:104960004AD1264C4FEA001C3D4304EB00160EEBE7
:10497000C000CEF80050C0E90123FBB273B120485B
:10498000D0F8D83043F00103C0F8D830D0F8003167
:1049900043F00103C0F80031D0F8003117F47F4F25
:1049A0000ED01748D0F8D83043F00203C0F8D83002
:1049B000D0F8003143F00203C0F80031D0F80031E4
:1049C00054F80C00036823F01F030360056815F01A
:1049D0000105FBD104EB0C033D2493F80CC05F6888
:1049E00004FA0CF43C6021240560446112B1987B08
:1049F00000F022FD3046F8BD0130A3E75C990008C5
:104A000000440258A436002010B5302484F31188E5
:104A1000FFF788FF002383F3118810BD10B504460B
:104A2000807B00F01FFD01231549627B03FA02F22F
:104A30000B6823EA0203DAB20B6072B9114AD2F8AA
:104A4000D81021F00101C2F8D810D2F8001121F0DD
:104A50000101C2F80011D2F8002113F47F4F0ED1EA
:104A6000084BD3F8D82022F00202C3F8D820D3F89C
:104A7000002122F00202C3F80021D3F8003110BD5A
:104A8000A43600200044025808B5302383F311886F
:104A9000FFF7C4FF002383F3118808BD0023054AF4
:104AA00019460133102BC2E9001102F10802F8D1B6
:104AB000704700BF283700202DE9F74F02F0030AA6
:104AC000C2F3C313C2F38009C2F3C108C2F3411E8B
:104AD000574600224FF00F0B0193CB0733D502F05E
:104AE0000703019C012556009B00BAF1020F05FA4D
:104AF00002F504FA03FC44680BFA03F324EA050404
:104B00006FEA030344EA090444604FF00304856834
:104B100004FA06F625EA06056FEA060445EA0805E2
:104B20008560C56825EA060545EA0E05C5601BD106
:104B3000072A13D8056A2B4043EA0C030362036873
:104B40001C403C430460490822D04FEA4909013225
:104B50004FEA88084FEA8E0EBF00BEE7456A2B4039
:104B600043EA0C034362EAE70568072A04EA0504FE
:104B700044EA0704046005D8046A234043EA0C03AE
:104B80000362E0E7446A234043EA0C034362DAE746
:104B900003B0BDE8F08F0000084BC26A994228BFFD
:104BA0001946836C50688B4210B506D95A1E4C00CA
:104BB00002EB4103B3FBF4F3184410BD20BCBE006C
:104BC00001F001038A0748BF43F002034A0748BFC8
:104BD00043F008030A0748BF43F00403CA0648BF6E
:104BE00043F010038A06426B48BF43F0200313438F
:104BF0004363704710B5074C204600F09FFF064BFB
:104C00000022C4E91023054BA364054BE363054B65
:104C1000E36410BDA83700200070005200B4C40443
:104C2000FC370020FC390020C36A0BB9104BC3626B
:104C30000379012B11D10F4B98420ED10E4BD3F8B3
:104C4000D42042F48032C3F8D420D3F8FC2042F4BC
:104C50008032C3F8FC20D3F8FC30436C00221A6584
:104C6000DA621A605A605A624FF0FF329A637047F4
:104C70005C9A0008A8370020004402580379012BF1
:104C80001BD0436C00221A65DA621A605A605A62BD
:104C90004FF0FF329A63094B98420ED1084BD3F87C
:104CA000D42022F48032C3F8D420D3F8FC2022F49C
:104CB0008032C3F8FC20D3F8FC307047A8370020BE
:104CC0000044025810B5446C0649FFF765FF606068
:104CD000236842F2107043F003032360BDE81040E4
:104CE00001F032BD801A06000129F8B5466C0B4F61
:104CF00009D175680A493D40FFF74EFF054345F469
:104D000080557560F8BD746806493C40FFF744FF64
:104D1000044344F480547460F4E700BF00ECFFFFE8
:104D200080F0FA0240787D01436C00225A601A60DC
:104D300070470000426C0129536823F4404304D0BB
:104D4000022905D001B95360704743F48043FAE764
:104D500043F40043F7E70000436C41F480519A604C
:104D6000D9605A6B1206FCD580229A637047000006
:104D700010B541F48851446CA260E160616B11F0A0
:104D80004502FBD0A26311F0040203D0FFF718FF25
:104D9000012010BD616910461960FAE710B541F4B1
:104DA0008851446CA260E160616B11F04502FBD058
:104DB000A26311F0050203D0FFF702FF012010BD2E
:104DC000616910461960FAE773B5134604460E464A
:104DD000302282F31188426CD26B32B14FF0FF3136
:104DE0004030019301F0BCFC019B606C0022026525
:104DF000C263C262456B15F4807504D185F31188D6
:104E0000012002B070BD4FF0FF31816382F3118841
:104E1000012E06D90C21204602B0BDE87040FFF7F4
:104E2000BDBF1046EDE7000073B5446C0E4600258B
:104E30000192616BA1632565E562FFF7C1FE012E5A
:104E400007D9019B2A460C2102B0BDE87040FFF74C
:104E5000A5BF02B070BD000010B541F49851446C7C
:104E6000A260E160616B11F04502FBD0A26311F01A
:104E70003F0203D0FFF7A4FE012010BD216A1046B7
:104E80001960E1695960A16999606169D960F4E7C5
:104E90002DE9F74304460191006D01A91746984694
:104EA00002F0ECFB064600284AD0626C2046DDF892
:104EB00004905568C5F3090501356B00A56CB5FB79
:104EC000F3F54FF47A73B5FBF3F55D43556200F0EB
:104ED000FBFD50BB636C4FF0FF3201254146C3F828
:104EE000589020461D659A634FF49572DA6342F23A
:104EF00007029F62DA62E36C0A9AFFF74FFFA0B9DC
:104F0000E26C104B11680B407BB929462046FFF735
:104F10005BFF054648B92E463A460199206D02F0DE
:104F2000E5FB304603B0BDE8F0833A460199206DB9
:104F300002F0DCFBE26C01212046FFF775FFF0E791
:104F40000126EEE708E0FFFD2DE9F7431F46436C1D
:104F500001924FF47A725D6804468846C5F30905EC
:104F600001356E00856CB5FBF6F5B5FBF2F55543E2
:104F70005D6200F0A9FD20B10125284603B0BDE81F
:104F8000F0837E0201A9206D324602F077FB0546D0
:104F90000028F1D0636C019AD4F84C909A650122F4
:104FA0001A654FF0FF329A634FF49572DA639E628E
:104FB000236BDB064B4658BF4FEA4828012F424679
:104FC0001BD912212046FFF7E9FEC0B9D9F800200D
:104FD000104B13409BB9636C42F293023946204652
:104FE000DA62E26CFFF7F0FE804640B93246019982
:104FF000206D454602F07AFBBFE71121E2E7324619
:105000000199206D02F072FBE26C39462046FFF7F1
:105010000BFFB2E708E0FFFD2DE9F3411F46436CAB
:1050200001924FF47A725D6804468846C5F309051B
:1050300001356E00856CB5FBF6F5B5FBF2F5554311
:105040005D6200F041FD20B10125284602B0BDE8B7
:10505000F0817E0201A9206D324602F055FB054623
:105060000028F1D0636C019A9A6501221A654FF00D
:10507000FF329A634FF48D72DA639E62236BE66CA3
:10508000DB06334658BF4FEA4828012F424619D95C
:1050900019212046FFF782FEB0B932680F4B13404A
:1050A00093B9636C42F2910239462046DA62E26CAF
:1050B000FFF78AFE064638B901993546206D02F0A1
:1050C0005FFBC2E71821E4E70199206D02F058FB6D
:1050D000E26C39462046FFF7A7FEB6E708E0FFFD81
:1050E00012F0030F2DE9F04107460C4615461E4607
:1050F00017D00E44B44202D10020BDE8F081012354
:10510000FA6B21463846FFF71FFF0028F5D12846E5
:105110004FF40072F96B05F500750134FCF710FED1
:10512000E8E7BDE8F041FFF70FBF000012F0030F02
:105130002DE9F04107460C4615461E4617D00E4491
:10514000B44202D10020BDE8F08129464FF400723C
:10515000F86B05F50075FCF7F3FD0123FA6B2146AA
:105160003846FFF759FF0028EDD10134E8E7BDE8E4
:10517000F041FFF751BF000000207047302310B509
:1051800083F311880024436C40302146DC6301F036
:10519000F5FA84F3118810BD026843681143016079
:1051A00003B1184770470000024A136843F0C00378
:1051B0001360704700100140024A136843F0C003B7
:1051C000136070470078004037B51A4C1A4D2046DE
:1051D00000F014FD04F11400009400234FF4007259
:1051E000164900F0AFF94FF40072154904F1380088
:1051F0000094144B00F028FA134BC4E91735134CF4
:10520000204600F0FBFC04F1140000234FF4007270
:105210000F49009400F096F90E4B4FF400720E49BE
:1052200004F13800009400F00FFA0C4BC4E9173574
:1052300003B030BD003A002000E1F505D83A002067
:10524000D83E0020A9510008001001406C3A00200F
:10525000D83C0020B9510008D84000200078004018
:10526000037C30B52D4C002918BF0C46012B11D101
:105270002B4B98423BD12B4BD3F8F02042F010023D
:10528000C3F8F020D3F8182142F01002C3F8182117
:10529000D3F818312268036EC16D03EB52038466A4
:1052A000B3FBF2F36268150442BF23F0070503F075
:1052B000070343EA4503CB60A36843F040034B6018
:1052C000E36843F001038B6042F4967343F00103FB
:1052D0000B604FF0FF330B62510505D512F0102221
:1052E00018D0B2F1805F17D080F8643030BD0E4B1B
:1052F0009842CFD10B4BD3F8E82042F08042C3F85C
:10530000E820D3F8102142F08042C3F81021D3F8EE
:105310001031BFE77F23E7E73F23E5E7649A000802
:10532000003A0020004402586C3A00202DE9F04772
:10533000C66D05463768F469210734621AD014F047
:10534000080118BF4FF48071E20748BF41F0200107
:10535000A3074FF0300348BF41F04001600748BF4A
:1053600041F0800183F31188281DFFF715FF00230A
:1053700083F31188E2050AD5302383F311884FF4B3
:105380008061281DFFF708FF002383F311884FF089
:1053900030094FF0000A14F0200838D13B0616D52A
:1053A0004FF0300905F1380A200610D589F311882D
:1053B000504600F07DF9002836DA0821281DFFF755
:1053C000EBFE27F080033360002383F31188790616
:1053D00014D5620612D5302383F31188D5E913233F
:1053E0009A4208D12B6C33B127F040071021281DB9
:1053F000FFF7D2FE3760002383F31188E30618D548
:10540000AA6E1369ABB15069BDE8F047184789F33C
:105410001188736A284695F86410194000F008FC5A
:105420008AF31188F469B6E7B06288F31188F469E9
:10543000BAE7BDE8F0870000090100F160430122EE
:1054400003F56143C9B283F8001300F01F039A40CB
:1054500043099B0003F1604303F56143C3F88021D6
:105460001A60704700F01F0301229A40430900F1BF
:1054700060409B0000F5614003F1604303F5614328
:10548000C3F88020C3F88021002380F800337047E0
:10549000F8B51546826804460B46AA4200D28568D4
:1054A000A1692669761AB5420BD218462A46FCF73E
:1054B00047FCA3692B44A3612846A3685B1BA36038
:1054C000F8BD0CD9AF1B18463246FCF739FC3A46FA
:1054D000E1683044FCF734FCE3683B44EBE71846F2
:1054E0002A46FCF72DFCE368E5E700008368934259
:1054F000F7B50446154600D28568D4E90460361A2B
:10550000B5420BD22A46FCF71BFC63692B4463614E
:105510002846A3685B1BA36003B0F0BD0DD93246DB
:10552000AF1B0191FCF70CFC01993A46E06831444D
:10553000FCF706FCE3683B44E9E72A46FCF700FC7D
:10554000E368E4E710B50A440024C361029B846069
:10555000C16002610362C0E90000C0E9051110BD2D
:1055600008B5D0E90532934201D1826882B98268D8
:10557000013282605A1C426119700021D0E9043264
:105580009A4224BFC368436101F012F9002008BDAC
:105590004FF0FF30FBE7000070B5302304460E46A5
:1055A00083F31188A568A5B1A368A269013BA36034
:1055B000531CA36115782269934224BFE368A36159
:1055C000E3690BB120469847002383F311882846EE
:1055D00007E03146204601F0DBF80028E2DA85F3E7
:1055E000118870BD2DE9F74F04460E4617469846C0
:1055F000D0F81C904FF0300A8AF311884FF0000B5E
:10560000154665B12A4631462046FFF741FF03465D
:1056100060B94146204601F0BBF80028F1D00023D4
:1056200083F31188781B03B0BDE8F08FB9F1000F48
:1056300003D001902046C847019B8BF31188ED1AD7
:105640001E448AF31188DCE7C160C361009B82605D
:105650000362C0E905111144C0E90000016170470F
:10566000F8B504460D461646302383F31188A76823
:10567000A7B1A368013BA36063695A1C62611D70F6
:10568000D4E904329A4224BFE3686361E3690BB151
:1056900020469847002080F3118807E031462046D5
:1056A00001F076F80028E2DA87F31188F8BD0000EF
:1056B000D0E9052310B59A4201D182687AB982688F
:1056C0000021013282605A1C82611C7803699A426F
:1056D00024BFC368836101F06BF8204610BD4FF012
:1056E000FF30FBE72DE9F74F04460E461746984674
:1056F000D0F81C904FF0300A8AF311884FF0000B5D
:10570000154665B12A4631462046FFF7EFFE0346AF
:1057100060B94146204601F03BF80028F1D0002353
:1057200083F31188781B03B0BDE8F08FB9F1000F47
:1057300003D001902046C847019B8BF31188ED1AD6
:105740001E448AF31188DCE70379052B05BF836AC1
:10575000002001204B6004BF4FF400730B607047C2
:1057600070B55D1E866A04460D44B54205D9436B8B
:1057700043F080034363012070BD06250571FFF7E8
:10578000AFFC05232371F7E770B55D1E866A0446FA
:105790000D44B54205D9436B43F0800343630120B8
:1057A00070BD07250571FFF7C1FC05232371F7E7DD
:1057B00038B505790446052D05D108230371FFF797
:1057C000DBFC257138BD0120FCE700000323F0B5A8
:1057D000037185B00446FFF775FA00222046114692
:1057E000FFF7BAFA4FF4D57203AB08212046FFF752
:1057F000D5FA0246B8B901232363039BC3F30323FD
:10580000012B09D103AB37212046FFF7C7FA18B99E
:10581000A44B039A1340ABB120460125FFF784FA4D
:105820000223237137E103AB002237212046FFF723
:10583000B5FA28B99B4A039B1A40002A00F0A780BA
:1058400002232363236B03F00F03022B40F0A98094
:105850006425954E42F2107000F076FF03AB32469D
:1058600001212046FFF784FA0028D5D1039B002BA5
:1058700080F293805A0003D5236B43F01003236317
:10588000002204F1080302212046FFF7E5FA024650
:105890000028C1D104F1380303212046FFF77EFA26
:1058A0000028B9D104F11805A26B092120462B4626
:1058B000FFF7D2FA0028AFD102ABA26B0721204636
:1058C000FFF76CFA06460028A6D1236B03F00F03FE
:1058D000022B40F08F807E227F21284603F006FABB
:1058E000012840F28780E76B42F2107000F02CFF35
:1058F00008234FF40072394620460096FFF7C8FA95
:10590000002889D1384603F03FFA236BA06203F0E8
:105910000F03022B72D103AB644A06212046FFF726
:105920003DFA002871D15F49039B1940B1FA81F11A
:1059300049092046FFF7D8F902AB4FF40072102155
:105940002046FFF72BFA054600287FF465AF554E39
:10595000029B33427FF460AF236B13F00E0F03F012
:105960000F0273D0022A7FF457AFE36A1978012936
:1059700000F09480022900F09380002900F08980D3
:105980004B4F2046FFF7D6F903AB3A4676E0114677
:1059900020462263FFF7E0F954E7013D7FF45AAF58
:1059A0003AE7444D6426444A3E4F012B18BF154642
:1059B00003AB002237212046FFF7F0F900287FF4DF
:1059C0002BAF039B3B427FF427AF03AB2A46292131
:1059D0002046FFF7CDF900287FF41EAF039B002B74
:1059E000FFF648AF013E3FF417AF42F2107000F0EF
:1059F000ABFEDDE7284603F09BF986E77E227F2198
:105A00002846E66B03F072F908B9002191E70023FC
:105A100040223146204600930623FFF739FA00283A
:105A2000F3D1B3895BBA9B07EFD5244B40223146B3
:105A3000204600930623FFF72BFA0028E5D1317C9E
:105A400001F00F010F3918BF012172E7E36A1978DD
:105A5000F9B101297FF4E0AE2046FFF76BF903AB03
:105A6000A26B37212046FFF799F900287FF4D4AEC6
:105A7000039B33427FF4D0AE03AB022206212046C3
:105A8000FFF78CF900287FF4C7AE039B33427FF405
:105A9000C3AE05232371284605B0F0BD084F70E75B
:105AA000084F6EE708E0FFFD0080FFC00001B9036A
:105AB0000000B7030080FF5000001080F1FFFF805E
:105AC0000001B7030002B70337B504460C4D01AB24
:105AD000A26B0D212046FFF761F978B9019B2B429B
:105AE0000BD1C3F34323042B08D0053B022B04D86E
:105AF0004FF47A7000F028FEE9E7012003B030BDD2
:105B000008E0FFFD70B53023054683F31188037963
:105B10000024022B03D184F31188204670BD042396
:105B2000037184F311880226FFF7CEFF044628464E
:105B3000FFF7FAF82E71F0E7FFF75CB8044B03604B
:105B40000123037100234363C0E90A33704700BF98
:105B50007C9A000810B53023044683F31188C16293
:105B6000FFF762F802230020237180F3118810BD33
:105B700010B53023044683F31188FFF77FF8002324
:105B80000122E362227183F3118810BD0268436829
:105B90001143016003B11847704700001430FFF74C
:105BA00021BD00004FF0FF331430FFF71BBD000094
:105BB0003830FFF797BD00004FF0FF333830FFF764
:105BC00091BD00001430FFF7E7BC00004FF0FF313B
:105BD0001430FFF7E1BC00003830FFF741BD000092
:105BE0004FF0FF323830FFF73BBD0000012914BFF2
:105BF0006FF0130000207047FFF7E6BA044B036014
:105C000000234360C0E9023301230374704700BFDF
:105C1000A09A000810B53023044683F31188FFF7DB
:105C20001FFB02230020237480F3118810BD0000A5
:105C300038B5C36904460D461BB904210844FFF773
:105C4000A5FF294604F11400FFF78AFC002806DAB4
:105C5000201D4FF40061BDE83840FFF797BF38BD05
:105C6000026843681143016003B1184770470000A0
:105C700013B5406B00F58054D4F8A4381A68117835
:105C8000042914D1017C022911D119790123128927
:105C90008B4013420BD101A94C3002F055FFD4F8D0
:105CA000A4480246019B2179206800F0DFF902B088
:105CB00010BD0000143002F0D7BE00004FF0FF33DB
:105CC000143002F0D1BE00004C3002F0A9BF000039
:105CD0004FF0FF334C3002F0A3BF0000143002F04D
:105CE000A5BE00004FF0FF31143002F09FBE00004F
:105CF0004C3002F075BF00004FF0FF324C3002F024
:105D00006FBF00000020704710B500F58054D4F834
:105D1000A4381A681178042917D1017C022914D1FA
:105D20005979012352898B4013420ED1143002F06D
:105D300037FE024648B1D4F8A4484FF44073617965
:105D40002068BDE8104000F07FB910BD406BFFF740
:105D5000DBBF0000704700007FB5124B0125042611
:105D6000044603600023057400F184024360294661
:105D7000C0E902330C4B0290143001934FF440738E
:105D8000009602F0E9FD094B04F69442294604F11D
:105D90004C000294CDE900634FF4407302F0B0FE72
:105DA00004B070BDC89A00084D5D0008715C000821
:105DB0000A68302383F311880B790B3342F82300F0
:105DC0004B79133342F823008B7913B10B3342F82C
:105DD000230000F58053C3F8A418022303740020A5
:105DE00080F311887047000038B5037F044613B173
:105DF00090F85430ABB90125201D0221FFF730FF88
:105E000004F114006FF00101257700F0DDFC04F1CE
:105E10004C0084F854506FF00101BDE8384000F0A8
:105E2000D3BC38BD10B5012104460430FFF718FF7C
:105E30000023237784F8543010BD000038B50446A1
:105E40000025143002F0A0FD04F14C00257702F08B
:105E50006FFE201D84F854500121FFF701FF2046FA
:105E6000BDE83840FFF750BF90F8803003F0600382
:105E7000202B06D190F881200023212A03D81F2A45
:105E800006D800207047222AFBD1C0E91D3303E069
:105E9000034A426707228267C3670120704700BF39
:105EA0004022002037B500F58055D5F8A4381A688F
:105EB000117804291AD1017C022917D119790123FB
:105EC00012898B40134211D100F14C04204602F09C
:105ED000EFFE58B101A9204602F036FED5F8A448DD
:105EE0000246019B2179206800F0C0F803B030BD64
:105EF00001F10B03F0B550F8236085B004460D4660
:105F0000FEB1302383F3118804EB8507301D08218F
:105F1000FFF7A6FEFB6806F14C005B691B681BB12E
:105F2000019002F01FFE019803A902F00DFE024647
:105F300048B1039B2946204600F098F8002383F3DC
:105F4000118805B0F0BDFB685A691268002AF5D0C7
:105F50001B8A013B1340F1D104F18002EAE7000003
:105F6000133138B550F82140ECB1302383F3118858
:105F700004F58053D3F8A4281368527903EB820305
:105F8000DB689B695D6845B104216018FFF768FE16
:105F9000294604F1140002F00DFD2046FFF7B4FE7F
:105FA000002383F3118838BD7047000001F03CBD29
:105FB00001234022002110B5044600F8303BFBF7D6
:105FC000E5FE0023C4E9013310BD000010B5302305
:105FD000044683F311882422416000210C30FBF732
:105FE000D5FE204601F042FD02230020237080F3FD
:105FF000118810BD70B500EB8103054650690E464F
:106000001446DA6018B110220021FBF7BFFEA06928
:1060100018B110220021FBF7B9FE31462846BDE831
:10602000704001F029BE000083682022002103F0A7
:10603000011310B5044683601030FBF7A7FE20461D
:10604000BDE8104001F0A4BEF0B4012500EB8104CE
:1060500047898D40E4683D43A4694581236000235E
:10606000A2606360F0BC01F0C1BE0000F0B4012585
:1060700000EB810407898D40E4683D436469058134
:1060800023600023A2606360F0BC01F037BF000012
:1060900070B5022300250446242203702946C0F867
:1060A00088500C3040F8045CFBF770FE204684F802
:1060B000705001F075FD63681B6823B129462046C6
:1060C000BDE87040184770BD0378052B10B5044635
:1060D0000AD080F88C300523037043681B680BB12D
:1060E000042198470023A36010BD00000178052912
:1060F00006D190F88C20436802701B6803B11847E2
:106100007047000070B590F87030044613B100235A
:1061100080F8703004F18002204601F05DFE636873
:106120009B68B3B994F8803013F0600535D0002136
:10613000204602F04FF90021204602F03FF9636843
:106140001B6813B1062120469847062384F8703057
:1061500070BD204698470028E4D0B4F88630A26F7E
:106160009A4288BFA36794F98030A56F002B4FF047
:10617000300380F20381002D00F0F280092284F8C0
:10618000702083F3118800212046D4E91D23FFF7F6
:106190006DFF002383F31188DAE794F8812003F080
:1061A0007F0343EA022340F20232934200F0C580AB
:1061B00021D8B3F5807F48D00DD8012B3FD0022BDA
:1061C00000F09380002BB2D104F1880262670222B2
:1061D000A267E367C1E7B3F5817F00F09B80B3F569
:1061E000407FA4D194F88230012BA0D1B4F888303C
:1061F00043F0020332E0B3F5006F4DD017D8B3F58A
:10620000A06F31D0A3F5C063012B90D863682046FE
:1062100094F882205E6894F88310B4F88430B04714
:10622000002884D0436863670368A3671AE0B3F566
:10623000106F36D040F6024293427FF478AF5C4B49
:1062400063670223A3670023C3E794F88230012B1E
:106250007FF46DAFB4F8883023F00203A4F88830DF
:10626000C4E91D55E56778E7B4F88030B3F5A06F51
:106270000ED194F88230204684F88A3001F0EEFC8A
:1062800063681B6813B101212046984703232370DC
:106290000023C4E91D339CE704F18B0363670123EA
:1062A000C3E72378042B10D1302383F311882046D1
:1062B000FFF7BAFE85F311880321636884F88B50D9
:1062C00021701B680BB12046984794F88230002B50
:1062D000DED084F88B300423237063681B68002BA6
:1062E000D6D0022120469847D2E794F88430204641
:1062F0001D0603F00F010AD501F060FD012804D04E
:1063000002287FF414AF2B4B9AE72B4B98E701F050
:1063100047FDF3E794F88230002B7FF408AF94F840
:10632000843013F00F01B3D01A06204602D502F0D4
:1063300069F8ADE702F05AF8AAE794F88230002B2A
:106340007FF4F5AE94F8843013F00F01A0D01B0653
:10635000204602D502F03EF89AE702F02FF897E7C0
:10636000142284F8702083F311882B462A4629468C
:106370002046FFF769FE85F31188E9E65DB1152235
:1063800084F8702083F3118800212046D4E91D236E
:10639000FFF75AFEFDE60B2284F8702083F3118884
:1063A0002B462A4629462046FFF760FEE3E700BF5A
:1063B000F89A0008F09A0008F49A000838B590F8A6
:1063C00070300446002B3ED0063BDAB20F2A34D898
:1063D0000F2B32D8DFE803F0373131082232313168
:1063E0003131313131313737856FB0F886309D42E8
:1063F00014D2C3681B8AB5FBF3F203FB12556DB9C7
:10640000302383F311882B462A462946FFF72EFEB8
:1064100085F311880A2384F870300EE0142384F881
:106420007030302383F31188002320461A46194622
:10643000FFF70AFE002383F3118838BDC36F03B151
:1064400098470023E7E70021204601F0C3FF002121
:10645000204601F0B3FF63681B6813B10621204694
:1064600098470623D7E7000010B590F8703004462F
:10647000142B29D017D8062B05D001D81BB110BD7D
:10648000093B022BFBD80021204601F0A3FF00218D
:10649000204601F093FF63681B6813B10621204674
:1064A0009847062319E0152BE9D10B2380F87030AB
:1064B000302383F3118800231A461946FFF7D6FDCF
:1064C000002383F31188DAE7C3689B695B68002BBC
:1064D000D5D1C36F03B19847002384F87030CEE75D
:1064E0000023826880F8243083691B689968914290
:1064F000FBD25A6803604260106058607047000029
:106500000023826880F8243083691B68996891426F
:10651000FBD85A6803604260106058607047000002
:1065200008B50846302383F3118891F82430032BF3
:1065300005D0042B0DD02BB983F3118808BD8B6ACD
:1065400000221A604FF0FF338362FFF7C9FF002378
:10655000F2E7D1E9003213605A60F3E7034610B561
:106560001B68984203D09C688A689442F8D25A68A3
:106570000B604A601160596010BD0000FFF7B0BFAA
:10658000064BD96881F824001868026853601A60C5
:106590000122D86080F82420F9F734BFD8420020C7
:1065A0000C4B30B5DD684B1C87B004460FD02B4632
:1065B000094A684600F09CF92046FFF7E1FF009B7E
:1065C00013B1684600F09EF9A86A07B030BDFFF726
:1065D000D7FFF9E7D842002021650008044B1A686C
:1065E000DB6890689B68984294BF00200120704748
:1065F000D8420020094B10B51C68D8682268536047
:106600001A600122DC6084F82420FFF779FF01463C
:106610002046BDE81040F9F7F5BE00BFD842002083
:10662000044B1A68DB6892689B689A4201D9FFF7AD
:10663000E1BF7047D842002038B50123084C00253F
:106640002370656002F0CEFB02F0F4FB05490648BA
:1066500002F0CAFC0223237085F3118838BD00BF05
:1066600080450020009B0008D842002000F080B93F
:10667000034A516853685B1A9842FBD8704700BFC1
:10668000001000E08B604B630023CA6100F1280218
:106690000B6302230A618B840123886181F8263011
:1066A00001F11003C26A4A611360C36201F12C0355
:1066B0000846CB6270470000D0E90131026841F81A
:1066C000183CA1F19C033839CB60036941F8243CA4
:1066D000436941F8203C034B41F8043CC36802483D
:1066E000FFF7D0BF1D040008D842002008B5FFF70F
:1066F000E3FFBDE80840FFF741BF000038B50E4B8F
:10670000DC6804F12C05A062E06AA8420FD194F87D
:1067100026303BB994F825309B0702BFD4E90432F8
:1067200013605A600F20BDE83840FFF729BF0368A7
:10673000E362FFF723FFE7E7D8420020302383F32B
:106740001188FFF7DBBF000008B50146302383F353
:1067500011880820FFF724FF002383F3118808BD68
:10676000054BDB6821B1036098620320FFF718BF77
:106770004FF0FF30704700BFD842002003682BB1B4
:106780000022026018469962FFF7F8BE70470000C9
:10679000064BDB6839B1426818605A601360436089
:1067A0000420FFF7FDBE4FF0FF307047D8420020B5
:1067B0000368984206D01A680260506018469962D1
:1067C000FFF7DCBE7047000038B504460D46206870
:1067D000844200D138BD036823605C608562FFF7A6
:1067E000CDFEF4E7036810B59C68A2420CD85C6843
:1067F0008A600B604C602160596099688A1A9A60BF
:106800004FF0FF33836010BD121B1B68ECE70000E4
:106810000A2938BF0A2170B504460D460A266019B8
:1068200002F0DAFA02F0C2FA041BA54203D8751C82
:1068300004462E46F3E70A2E04D90120BDE8704035
:1068400002F09ABC70BD0000F8B5144B0D460A2A40
:106850004FF00A07D96103F11001826038BF0A22A4
:10686000416019691446016048601861A81802F077
:10687000A3FA02F09BFA431B0646A34206D37C1CF4
:1068800028192746354602F0A7FAF2E70A2F04D95D
:106890000120BDE8F84002F06FBCF8BDD8420020EE
:1068A000F8B506460D4602F081FA0F4A134653F832
:1068B000107F9F4206D12A4601463046BDE8F84087
:1068C000FFF7C2BFD169BB68441A2C1928BF2C46F8
:1068D000A34202D92946FFF79BFF224631460348CF
:1068E000BDE8F840FFF77EBFD8420020E842002014
:1068F000C0E90323002310B45DF8044B4361FFF7A4
:10690000CFBF000010B5194C236998420DD08168A3
:10691000D0E9003213605A609A680A449A600023F2
:1069200003604FF0FF33A36110BD0268234643F8B4
:10693000102F53600022026022699A4203D1BDE801
:10694000104002F043BA936881680B44936002F0F0
:106950002DFA2269E1699268441AA242E4D91144ED
:10696000BDE81040091AFFF753BF00BFD84200200E
:106970002DE9F047DFF8BC8008F110072C4ED8F85D
:10698000105002F013FAD8F81C40AA68031B9A4270
:106990003ED814444FF00009D5E90032C8F81C4035
:1069A00013605A60C5F80090D8F81030B34201D196
:1069B00002F00CFA89F31188D5E90331284698478B
:1069C000302383F311886B69002BD8D002F0EEF9E5
:1069D0006A69A0EB040982464A450DD2022002F002
:1069E000CBFB0022D8F81030B34208D151462846DC
:1069F000BDE8F047FFF728BF121A2244F2E712EB76
:106A000009092946384638BF4A46FFF7EBFEB5E785
:106A1000D8F81030B34208D01444C8F81C00211A2A
:106A2000A960BDE8F047FFF7F3BEBDE8F08700BFFF
:106A3000E8420020D842002038B502F0B7F9054AF4
:106A4000D2E90845031B181945F10001C2E9080104
:106A500038BD00BFD842002010B560B9074804799E
:106A60000368053C9B6818BF0124984708B144F0AF
:106A70000404204610BD0124FBE700BFA837002016
:106A8000FFF7EABF2DE9F047884617469A460446C5
:106A9000B0B90D4E3579052D05D003240DE0013D2B
:106AA00015F0FF050ED03268534639463046D2F80D
:106AB00014904246C8470028F1D12046BDE8F0872F
:106AC0000424FAE70124F8E7A83700202DE9F0476D
:106AD000884617469A460446B0B90D4E3579052DBD
:106AE00005D003240DE0013D15F0FF050ED03268FE
:106AF000534639463046D2F818904246C8470028D7
:106B0000F1D12046BDE8F0870424FAE70124F8E734
:106B1000A837002037B50C46154670B951B1012988
:106B20000BD10748694603681B6A984710B9019B57
:106B300004462B60204603B030BD0424FAE700BFB2
:106B4000A837002000207047FEE7000070470000D3
:106B50004FF0FF30704700004B6843608B688360E4
:106B6000CB68C3600B6943614B6903628B69436205
:106B70000B6803607047000008B53C4B40F2FF71A2
:106B80003B48D3F888200A43C3F88820D3F88820EC
:106B900022F4FF6222F00702C3F88820D3F888208D
:106BA000D3F8E0200A43C3F8E020D3F808210A43D1
:106BB000C3F808212F4AD3F808311146FFF7CCFF5C
:106BC00000F5806002F11C01FFF7C6FF00F5806050
:106BD00002F13801FFF7C0FF00F5806002F15401B7
:106BE000FFF7BAFF00F5806002F17001FFF7B4FF14
:106BF00000F5806002F18C01FFF7AEFF00F58060C8
:106C000002F1A801FFF7A8FF00F5806002F1C401BE
:106C1000FFF7A2FF00F5806002F1E001FFF79CFFA3
:106C200000F5806002F1FC01FFF796FF02F58C7120
:106C300000F58060FFF790FF01F07CFC0E4BD3F86D
:106C4000902242F00102C3F89022D3F8942242F03D
:106C50000102C3F894220522C3F898204FF0605235
:106C6000C3F89C20054AC3F8A02008BD0044025880
:106C700000000258149B000800ED00E01F0008030C
:106C800008B501F055FEFFF7D7FC104BD3F8DC2018
:106C900042F04002C3F8DC20D3F8042122F0400285
:106CA000C3F80421D3F80431094B1A6842F00802F2
:106CB0001A601A6842F004021A6000F069FD00F0E0
:106CC00031FBBDE8084000F0B5B800BF00440258F1
:106CD00000180248012070470020704770470000EC
:106CE00002290CD0032904D00129074818BF00202D
:106CF0007047032A05D8054800EBC20070470448D6
:106D000070470020704700BF149D000850220020EB
:106D1000C89C000870B59AB005460846144601A9FB
:106D200000F0C2F801A8FBF729F8431C0022C6B204
:106D30005B001046C5E9003423700323023404F8D5
:106D4000013C01ABD1B202348E4201D81AB070BD01
:106D500013F8011B013204F8010C04F8021CF1E7DE
:106D600008B5302383F311880348FFF79BF800230D
:106D700083F3118808BD00BF8845002090F880305B
:106D800003F01F02012A07D190F881200B2A03D1BA
:106D90000023C0E91D3315E003F06003202B08D168
:106DA000B0F884302BB990F88120212A03D81F2A0B
:106DB00004D8FFF759B8222AEBD0FAE7034A426712
:106DC00007228267C3670120704700BF4722002067
:106DD00007B5052917D8DFE801F01916031919209E
:106DE000302383F31188104A01210190FFF702F943
:106DF000019802210D4AFFF7FDF80D48FFF71EF834
:106E0000002383F3118803B05DF804FB302383F380
:106E100011880748FEF7E8FFF2E7302383F3118873
:106E20000348FEF7FFFFEBE7689C00088C9C000816
:106E30008845002038B50C4D0C4C2A460C4904F10D
:106E40000800FFF767FF05F1CA0204F110000949C5
:106E5000FFF760FF05F5CA7204F118000649BDE8A6
:106E60003840FFF757BF00BF605E0020502200206F
:106E7000489C0008529C00085D9C000870B50446C0
:106E800008460D46FAF77AFFC6B220460134037869
:106E90000BB9184670BD32462946FAF75BFF002849
:106EA000F3D10120F6E700002DE9F84F05460C4626
:106EB000FAF764FF2A49C6B22846FFF7DFFF08B198
:106EC000023EF6B227492846FFF7D8FF08B1103630
:106ED000F6B2632E0DD8DFF88890DFF888A0224F35
:106EE000DFF88CB0DFF88C802E7846B92670BDE8CC
:106EF000F88F29462046BDE8F84F02F041BA252E0A
:106F00002AD1072249462846FAF724FF50B9D8F873
:106F100000300735053444F8053C98F8043004F88F
:106F2000013CE1E7082251462846FAF713FF98B9D9
:106F3000A21C0E4B197802320909C95D02F8041C23
:106F400013F8011B01F00F015B45C95D02F8031C3A
:106F5000F0D118340835C7E7013504F8016BC3E7F1
:106F6000349D00085D9C0008429D000800E8F11F68
:106F70000CE8F11F3C9D0008BFF34F8F044B1A69CA
:106F80005107FCD1D3F810215207F8D1704700BF48
:106F90000020005208B50D4B1B78ABB9FFF7ECFF92
:106FA0000B4BDA68D10704D50A4A5A6002F18832DD
:106FB0005A60D3F80C21D20706D5064AC3F804213B
:106FC00002F18832C3F8042108BD00BFBE60002072
:106FD000002000522301674508B5114B1B78F3B917
:106FE000104B1A69510703D5DA6842F04002DA60A3
:106FF000D3F81021520705D5D3F80C2142F04002F6
:10700000C3F80C21FFF7B8FF064BDA6842F0010223
:10701000DA60D3F80C2142F00102C3F80C2108BD5C
:10702000BE600020002000520F289ABF00F580604B
:1070300040040020704700004FF40030704700000B
:10704000102070470F2808B50BD8FFF7EDFF00F5AB
:1070500000330268013204D104308342F9D10120A7
:1070600008BD0020FCE700000F2838B505463FD8D2
:10707000FFF782FF1F4CFFF78DFF4FF0FF3307280C
:107080006361C4F814311DD82361FFF775FF030253
:1070900043F02403E360E36843F08003E360236983
:1070A0005A07FCD42846FFF767FFFFF7BDFF4FF4F0
:1070B000003100F0A7FA2846FFF78EFFBDE8384000
:1070C000FFF7C0BFC4F81031FFF756FFA0F1080367
:1070D0001B0243F02403C4F80C31D4F80C3143F004
:1070E0008003C4F80C31D4F810315B07FBD4D9E726
:1070F000002038BD002000522DE9F84F05460C460F
:10710000104645EA0203DE0602D00020BDE8F88FF3
:1071100020F01F00DFF8BCB0DFF8BCA0FFF73AFF9B
:1071200004EB0008444503D10120FFF755FFEDE7CC
:1071300020222946204602F0A7F810B92035203435
:10714000F0E72B4605F120021F68791CDDD10433DE
:107150009A42F9D105F178431B481C4EB3F5801FC4
:107160001B4B38BF184603F1F80332BFD946D1464E
:107170001E46FFF701FF0760A5EB040C336804F11E
:107180001C0143F002033360231FD9F8007017F08D
:107190000507FAD153F8042F8B424CF80320F4D1A1
:1071A000BFF34F8FFFF7E8FE4FF0FF332022214659
:1071B00003602846336823F00203336002F064F86A
:1071C0000028BBD03846B0E7142100520C200052F2
:1071D00014200052102000521021005210B5084C0B
:1071E000237828B11BB9FFF7D5FE0123237010BD0A
:1071F000002BFCD02070BDE81040FFF7EDBE00BFB3
:10720000BE6000202DE9F04F0D4685B0814658B193
:1072100011F00D0614BF2022082211F0080301937B
:1072200004D0431E034269D0002435E0002E37D03D
:1072300009F11F0121F01F094FF00108314F05F03E
:107240000403DFF8CCA005EA080BBBF1000F32D035
:107250007869C0072FD408F101080C37B8F1060F80
:10726000F3D19EB9284D4946A819019201F004FEB8
:107270000446002839D12036019AA02EF3D1494680
:1072800001F0FAFD044600282FD1019A49461F4813
:1072900001F0F2FD044660BB204605B0BDE8F08F6A
:1072A0000029C9D101462846029201F0E5FD0446B5
:1072B000D8B9029AC0E713B178694107CBD5AC07BA
:1072C00002D578698007C6D5019911B1786901079F
:1072D000C1D549460AEB4810CDE9022301F0CCFDA7
:1072E0000446DDE902230028B5D04A4600212046A5
:1072F00001E04A460021FAF749FDCDE70246002E9B
:1073000096D199E7549D000800610020C0600020DC
:10731000E06000200021FFF775BF00000121FFF7AA
:1073200071BF000070B5144D0124144E40F2FF32BD
:1073300000210120FAF72AFD06EB441001342A69E6
:1073400055F80C1F01F084FD062CF5D137254FF4BC
:10735000C0542046FFF7E2FF014628B12246084804
:10736000BDE8704001F074BDC4EBC404013D4FEAB8
:10737000D404EED170BD00BF549D0008E060002031
:10738000C06000200421FFF73DBF00004843FFF725
:10739000C1BF000008B101F0E1BD7047B0F5805FEA
:1073A00010B5044607D8FFF7EDFF28B92046BDE821
:1073B0001040FFF7AFBF002010BD0000FFF7EABF8D
:1073C00070B5AAB140EA010313F01F030FD1094CB5
:1073D0000144A5686D0706D52568A84203D36668F1
:1073E0003544A94204D903330C34122BF1D10022C5
:1073F000104670BD549D000808B501F0C5FE034A53
:10740000D2E90032C01842EB010108BDA0610020A2
:10741000434BD3E900232DE9F34113437CD0FFF71D
:10742000EBFF404A00230027F9F706F806460D4611
:107430003D4A0023F9F700F8002314463046294658
:10744000394AF8F7F9FF4FF461613C23ADF8017058
:10745000B4FBF1F5B4FBF3F601FB154103FB164653
:107460004624B1FBF3F1314BF6B28DF8004098425F
:107470003CD84FF0640C4FF4C87EA30704F26C7242
:1074800025D1B2FBFCF30CFB132313BBB2FBFEF3C1
:107490000EFB1322B2FA82F35B0903F26D18621C31
:1074A0008045D2B217D90FB18DF800400022204C90
:1074B0004FF00C0C17460CFB0343D4B2013213F807
:1074C00004C084450CD8A0EB0C000127F5E700238D
:1074D000E3E70123E1E7A0EB080014460127CCE72E
:1074E0000FB18DF80140431C8DF802309DF801006A
:1074F000431C9DF800005038400640EA43509DF878
:10750000023040EA034040EA560040EAC52040EA23
:10751000411002B0BDE8F0814FF40410F9E700BF5C
:10752000A061002040420F008051010090230B0019
:107530009C9D00080244074BD2B210B5904200D186
:1075400010BD441C00B253F8200041F8040BE0B217
:10755000F4E700BF504000580E4B30B51C6F2404B8
:1075600005D41C6F1C671C6F44F400441C670A4C54
:1075700002442368D2B243F480732360074B9042E5
:1075800000D130BD441C51F8045B00B243F82050D8
:10759000E0B2F4E700440258004802585040005856
:1075A00007B5012201A90020FFF7C4FF019803B02D
:1075B0005DF804FB13B50446FFF7F2FFA04205D0C7
:1075C000012201A900200194FFF7C6FF02B010BDFF
:1075D00010B56424013C4FF47A70FFF7B5F814F04D
:1075E000FF04F7D1064B4FF4006214249A61013C6A
:1075F0004FF47A70FFF7A8F814F0FF04F7D110BD2C
:10760000000C02580144BFF34F8F064B884204D34D
:10761000BFF34F8FBFF36F8F7047C3F85C0220300A
:10762000F4E700BF00ED00E00144BFF34F8F064BCD
:10763000884204D3BFF34F8FBFF36F8F7047C3F8F7
:1076400070022030F4E700BF00ED00E070B50546A1
:1076500016460C4601201021FFF798FE286046735D
:107660003CB1204636B1FFF78DFE2B68186000B1A3
:107670009C6070BDFFF752FEF7E70000F8B50F46BB
:107680001546044648B905F11F010126386821F066
:107690001F01FFF7B7FF3046F8BD427B2946386827
:1076A000FFF78EFE06460028EDD13B686360A368B5
:1076B000AB4210D213B12068FFF76CFE637B284603
:1076C0002BB1FFF75FFE206020B9A060E3E7FFF772
:1076D00025FEF8E7A560206805F11F01012621F0CD
:1076E0001F013860FFF78EFF2673D4E710B50446FC
:1076F00040B10068884205D1606808B1FAF720FB04
:107700000023237310BD0000F8B50F46144605464C
:1077100048B904F11F010126386821F01F01FFF765
:1077200083FF3046F8BD427B21463868FFF748FEAC
:1077300006460028EDD1AB68A34210D213B12868E9
:10774000FFF728FE6B7B20462BB1FFF71BFE28605E
:1077500020B9A860E5E7FFF7E1FDF8E7AC6039681C
:1077600019B122462868FAF7EBFA286804F11F01DC
:10777000012621F01F013860FFF756FF2E73D0E776
:1077800020B103688B4204BF0023037370470000DD
:10779000034B1A681AB9034AD2F8D0241A6070470A
:1077A000A86100200040025808B5FFF7F1FF024B26
:1077B0001868C0F3806008BDA8610020EFF309835A
:1077C000054968334A6B22F001024A6383F3098852
:1077D000002383F31188704700EF00E0302080F32E
:1077E000118862B60D4B0E4AD96821F4E061090494
:1077F000090C0A430B49DA60D3F8FC2042F080728E
:10780000C3F8FC20084AC2F8B01F116841F001011A
:1078100011602022DA7783F82200704700ED00E043
:107820000003FA0555CEACC5001000E0302310B5BA
:1078300083F311880E4B5B6813F4006314D0F1EEF0
:10784000103AEFF309844FF08073683CE361094B11
:10785000DB6B236684F30988FEF7C0FE10B1064B8C
:10786000A36110BD054BFBE783F31188F9E700BF67
:1078700000ED00E000EF00E02F04000832040008F3
:1078800070B5BFF34F8FBFF36F8F1A4A0021C2F854
:107890005012BFF34F8FBFF36F8F536943F4003320
:1078A0005361BFF34F8FBFF36F8FC2F88410BFF3E4
:1078B0004F8FD2F8803043F6E074C3F3C900C3F3AE
:1078C0004E335B0103EA0406014646EA817501393D
:1078D000C2F86052F9D2203B13F1200FF2D1BFF36E
:1078E0004F8F536943F480335361BFF34F8FBFF31E
:1078F0006F8F70BD00ED00E0FEE70000214B2248D5
:10790000224A70B5904237D3214BC11EDA1C121A9D
:1079100022F003028B4238BF00220021FAF736FA28
:107920001C4A0023C2F88430BFF34F8FD2F8803056
:1079300043F6E074C3F3C900C3F34E335B0103EABB
:107940000406014646EA81750139C2F86C52F9D243
:10795000203B13F1200FF2D1BFF34F8FBFF36F8F96
:10796000BFF34F8FBFF36F8F0023C2F85032BFF3C6
:107970004F8FBFF36F8F70BD53F8041B40F8041B8B
:10798000C0E700BF049F00082C6300202C63002088
:107990002C63002000ED00E0074BD3F8D81021EA5B
:1079A0000001C3F8D810D3F8002122EA0002C3F87E
:1079B0000021D3F8003170470044025870B5D0E977
:1079C000244300224FF0FF359E6804EB421351011F
:1079D000D3F80009002805DAD3F8000940F0804008
:1079E000C3F80009D3F8000B002805DAD3F8000B20
:1079F00040F08040C3F8000B013263189642C3F890
:107A00000859C3F8085BE0D24FF00113C4F81C38E2
:107A100070BD0000890141F02001016103699B06EE
:107A2000FCD41220FEF724BE10B50A4C2046FEF707
:107A3000BFFA094BC4F89030084BC4F89430084C96
:107A40002046FEF7B5FA074BC4F89030064BC4F851
:107A5000943010BDAC61002000000840D89D0008A3
:107A60004862002000000440E49D000870B50378DF
:107A70000546012B5CD1434BD0F89040984258D139
:107A8000414B0E216520D3F8D82042F00062C3F8A4
:107A9000D820D3F8002142F00062C3F80021D3F8C7
:107AA0000021D3F8802042F00062C3F88020D3F890
:107AB000802022F00062C3F88020D3F88030FDF7E8
:107AC000BBFC324BE360324BC4F800380023D5F8DE
:107AD0009060C4F8003EC02323604FF40413A363F6
:107AE0003369002BFCDA01230C203361FEF7C0FD63
:107AF0003369DB07FCD41220FEF7BAFD3369002B93
:107B0000FCDA00262846A660FFF758FF6B68C4F829
:107B10001068DB68C4F81468C4F81C6883BB1D4B8C
:107B2000A3614FF0FF336361A36843F00103A360D7
:107B300070BD194B9842C9D1134B4FF08060D3F8F8
:107B4000D82042F00072C3F8D820D3F8002142F0C8
:107B50000072C3F80021D3F80021D3F8802042F04E
:107B60000072C3F88020D3F8802022F00072C3F89E
:107B70008020D3F88030FFF70FFF0E214D209EE7C5
:107B8000064BCDE7AC610020004402584014004091
:107B900003002002003C30C048620020083C30C096
:107BA000F8B5D0F89040054600214FF00066204619
:107BB000FFF730FFD5F8941000234FF001128F68C3
:107BC0004FF0FF30C4F83438C4F81C2804EB4312DB
:107BD00001339F42C2F80069C2F8006BC2F808097D
:107BE000C2F8080BF2D20B68D5F89020C5F898308F
:107BF000636210231361166916F01006FBD1122080
:107C0000FEF736FDD4F8003823F4FE63C4F80038DC
:107C1000A36943F4402343F01003A3610923C4F88C
:107C20001038C4F814380B4BEB604FF0C043C4F865
:107C3000103B094BC4F8003BC4F81069C4F8003984
:107C4000D5F8983003F1100243F48013C5F898205A
:107C5000A362F8BDB49D000840800010D0F89020C9
:107C600090F88A10D2F8003823F4FE6343EA011337
:107C7000C2F80038704700002DE9F84300EB81039B
:107C8000D0F890500C468046DA680FFA81F9480126
:107C9000166806F00306731E022B05EB41134FF026
:107CA000000194BFB604384EC3F8101B4FF0010119
:107CB00004F1100398BF06F1805601FA03F39169AD
:107CC00098BF06F5004600293AD0578A04F15801BA
:107CD000374349016F50D5F81C180B430021C5F8F4
:107CE0001C382B180127C3F81019A7405369611ECF
:107CF0009BB3138A928B9B08012A88BF5343D8F801
:107D00009820981842EA034301F140022146C8F83E
:107D10009800284605EB82025360FFF77BFE08EBD4
:107D20008900C3681B8A43EA845348341E436401B4
:107D30002E51D5F81C381F43C5F81C78BDE8F883D0
:107D400005EB4917D7F8001B21F40041C7F8001BC9
:107D5000D5F81C1821EA0303C0E704F13F030B4ADE
:107D60002846214605EB83035A60FFF753FE05EBD7
:107D70004910D0F8003923F40043C0F80039D5F891
:107D80001C3823EA0707D7E7008000100004000230
:107D9000D0F894201268C0F89820FFF70FBE0000BA
:107DA0005831D0F8903049015B5813F4004004D0AA
:107DB00013F4001F0CBF0220012070474831D0F897
:107DC000903049015B5813F4004004D013F4001FB5
:107DD0000CBF02200120704700EB8101CB68196ABB
:107DE0000B6813604B6853607047000000EB810321
:107DF00030B5DD68AA691368D36019B9402B84BF18
:107E0000402313606B8A1468D0F890201C4402EB66
:107E10004110013C09B2B4FBF3F46343033323F094
:107E2000030343EAC44343F0C043C0F8103B2B684C
:107E300003F00303012B0ED1D2F8083802EB4110F6
:107E400013F4807FD0F8003B14BF43F0805343F01D
:107E50000053C0F8003B02EB4112D2F8003B43F064
:107E60000443C2F8003B30BD2DE9F041D0F89060EA
:107E700005460C4606EB4113D3F8087B3A07C3F8D6
:107E8000087B08D5D6F814381B0704D500EB81030E
:107E9000DB685B689847FA071FD5D6F81438DB070C
:107EA0001BD505EB8403D968CCB98B69488A5A681D
:107EB000B2FBF0F600FB16228AB91868DA68904225
:107EC0000DD2121AC3E90024302383F3118821460E
:107ED0002846FFF78BFF84F31188BDE8F08101236A
:107EE00003FA04F26B8923EA02036B81CB68002B4F
:107EF000F3D021462846BDE8F041184700EB810346
:107F00004A0170B5DD68D0F890306C692668E6608B
:107F100056BB1A444FF40020C2F810092A6802F038
:107F20000302012A0AB20ED1D3F8080803EB421467
:107F300010F4807FD4F8000914BF40F0805040F066
:107F40000050C4F8000903EB4212D2F8000940F0D7
:107F50000440C2F800090122D3F8340802FA01F102
:107F60000143C3F8341870BD19B9402E84BF4020B6
:107F7000206020681A442E8A8419013CB4FBF6F470
:107F800040EAC44040F00050C6E700002DE9F84345
:107F9000D0F8906005460C464F0106EB4113D3F82C
:107FA000088918F0010FC3F808891CD0D6F81038DA
:107FB000DB0718D500EB8103D3F80CC0DCF81430D4
:107FC000D3F800E0DA68964530D2A2EB0E024FF00B
:107FD00000091A60C3F80490302383F31188FFF777
:107FE0008DFF89F3118818F0800F1DD0D6F8343832
:107FF0000126A640334217D005EB84030134D5F89F
:108000009050D3F80CC0E4B22F44DCF8142005EBF8
:108010000434D2F800E05168714514D3D5F83438EF
:1080200023EA0606C5F83468BDE8F883012303FA9D
:1080300001F2038923EA02030381DCF80830002BF4
:10804000D1D09847CFE7AEEB0103BCF810008342D4
:1080500028BF0346D7F8180980B2B3EB800FE3D8E6
:108060009068A0F1040959F8048FC4F80080A0EBCF
:1080700009089844B8F1040FF5D818440B449060EF
:108080005360C8E72DE9F84FD0F8905004466E6968
:10809000AB691E4016F480586E6103D0BDE8F84FFE
:1080A000FDF7F6BF002E12DAD5F8003E9B0705D08B
:1080B000D5F8003E23F00303C5F8003ED5F8043898
:1080C000204623F00103C5F80438FEF70FF8370502
:1080D00005D52046FFF772FC2046FDF7F5FFB004FA
:1080E0000CD5D5F8083813F0060FEB6823F470535D
:1080F0000CBF43F4105343F4A053EB6031071BD57E
:108100006368DB681BB9AB6923F00803AB612378B4
:10811000052B0CD1D5F8003E9A0705D0D5F8003EC6
:1081200023F00303C5F8003E2046FDF7DFFF636838
:10813000DB680BB120469847F30200F1BA80B70222
:1081400026D5D4F8909000274FF0010A09EB47128A
:10815000D2F8003B03F44023B3F5802F11D1D2F8BD
:10816000003B002B0DDA62890AFA07F322EA0303C7
:10817000638104EB8703DB68DB6813B13946204673
:1081800098470137D4F89430FFB29B689F42DDD9FD
:10819000F00619D5D4F89000026AC2F30A1702F06B
:1081A0000F0302F4F012B2F5802F00F0CA80B2F58E
:1081B000402F09D104EB8303002200F58050DB68D7
:1081C0001B6A974240F0B0803003D5F8185835D577
:1081D000E90303D500212046FFF746FEAA0303D595
:1081E00001212046FFF740FE6B0303D50221204604
:1081F000FFF73AFE2F0303D503212046FFF734FE95
:10820000E80203D504212046FFF72EFEA90203D57C
:1082100005212046FFF728FE6A0203D506212046E5
:10822000FFF722FE2B0203D507212046FFF71CFE95
:10823000EF0103D508212046FFF716FE700340F139
:10824000A780E90703D500212046FFF79FFEAA0774
:1082500003D501212046FFF799FE6B0703D50221C4
:108260002046FFF793FE2F0703D503212046FFF793
:108270008DFEEE0603D504212046FFF787FEA806F3
:1082800003D505212046FFF781FE690603D50621A7
:108290002046FFF77BFE2A0603D507212046FFF77D
:1082A00075FEEB0574D520460821BDE8F84FFFF7B1
:1082B0006DBED4F890904FF0000B4FF0010AD4F847
:1082C00094305FFA8BF79B689F423FF638AF09EB1B
:1082D0004713D3F8002902F44022B2F5802F20D1B1
:1082E000D3F80029002A1CDAD3F8002942F0904282
:1082F000C3F80029D3F80029002AFBDB3946D4F85B
:108300009000FFF787FB22890AFA07F322EA0303AA
:10831000238104EB8703DB689B6813B13946204651
:1083200098470BF1010BCAE7910701D1D0F8008003
:10833000072A02F101029CBF03F8018B4FEA1828BB
:108340003FE704EB830300F58050DA68D2F818C0E9
:10835000DCF80820DCE9001CA1EB0C0C00218F42AA
:1083600008D1DB689B699A683A449A605A683A4433
:108370005A6029E711F0030F01D1D0F800808C4535
:1083800001F1010184BF02F8018B4FEA1828E6E7EA
:10839000BDE8F88F08B50348FFF774FEBDE8084054
:1083A000FFF744BAAC61002008B50348FFF76AFE46
:1083B000BDE80840FFF73ABA48620020D0F8903094
:1083C00003EB4111D1F8003B43F40013C1F8003B2B
:1083D00070470000D0F8903003EB4111D1F800391C
:1083E00043F40013C1F8003970470000D0F8903012
:1083F00003EB4111D1F8003B23F40013C1F8003B1B
:1084000070470000D0F8903003EB4111D1F80039EB
:1084100023F40013C1F8003970470000064BD3F86D
:10842000DC200243C3F8DC20D3F804211043C3F856
:108430000401D3F8043170470044025808B53C4B9E
:108440004FF0FF31D3F8802062F00042C3F8802063
:10845000D3F8802002F00042C3F88020D3F88020B7
:10846000D3F88420C3F88410D3F884200022C3F802
:108470008420D3F88400D86F40F0FF4040F4FF0020
:1084800040F4DF4040F07F00D867D86F20F0FF4015
:1084900020F4FF0020F4DF4020F07F00D867D86F81
:1084A000D3F888006FEA40506FEA5050C3F8880054
:1084B000D3F88800C0F30A00C3F88800D3F8880016
:1084C000D3F89000C3F89010D3F89000C3F8902030
:1084D000D3F89000D3F89400C3F89410D3F8940024
:1084E000C3F89420D3F89400D3F89800C3F89810F8
:1084F000D3F89800C3F89820D3F89800D3F88C00EC
:10850000C3F88C10D3F88C00C3F88C20D3F88C00FF
:10851000D3F89C00C3F89C10D3F89C10C3F89C209F
:10852000D3F89C30FCF7DEF9BDE8084000F0CCB988
:108530000044025808B50122534BC3F80821534B9D
:10854000D3F8F42042F00202C3F8F420D3F81C213F
:1085500042F00202C3F81C210222D3F81C314C4B1A
:10856000DA605A689104FCD54A4A1A6001229A607E
:10857000494ADA6000221A614FF440429A61444B42
:108580009A699204FCD51A6842F480721A603F4BD3
:108590001A6F12F4407F04D04FF480321A67002221
:1085A0001A671A6842F001021A60384B1A685007BD
:1085B000FCD500221A611A6912F03802FBD10121A0
:1085C00019604FF0804159605A67344ADA62344A80
:1085D0001A611A6842F480321A602C4B1A689103AF
:1085E000FCD51A6842F480521A601A689204FCD5CD
:1085F0002C4A2D499A6200225A63196301F57C01C5
:10860000DA6301F50E7199635A64284A1A64284A9C
:10861000DA621A6842F0A8521A601C4B1A6802F01B
:108620002852B2F1285FF9D148229A614FF488624A
:10863000DA6140221A621F4ADA641F4A1A651F4A29
:108640005A651F4A9A6532231E4A1360136803F065
:108650000F03022BFAD10D4A136943F00303136190
:10866000136903F03803182BFAD14FF00050FFF7CD
:10867000D5FE4FF08040FFF7D1FE4FF00040BDE83F
:108680000840FFF7CBBE00BF0080005100440258F5
:108690000048025800C000F0020000010000FF0185
:1086A00000889008225050003F0209012F0E040755
:1086B0009D0BBF0120000020000001100910E00008
:1086C00000010110002000524FF0B04208B5D2F86E
:1086D000883003F00103C2F8883023B1044A1368DC
:1086E0000BB150689847BDE80840FFF79FB800BF3E
:1086F000283700204FF0B04208B5D2F8883003F098
:108700000203C2F8883023B1044A93680BB1D068E1
:108710009847BDE80840FFF789B800BF2837002018
:108720004FF0B04208B5D2F8883003F00403C2F825
:10873000883023B1044A13690BB150699847BDE8EA
:108740000840FFF773B800BF283700204FF0B04251
:1087500008B5D2F8883003F00803C2F8883023B196
:10876000044A93690BB1D0699847BDE80840FFF708
:108770005DB800BF283700204FF0B04208B5D2F8EE
:10878000883003F01003C2F8883023B1044A136A1A
:108790000BB1506A9847BDE80840FFF747B800BFE3
:1087A000283700204FF0B04310B5D3F8884004F4C8
:1087B0007872C3F88820A30604D5124A936A0BB1D5
:1087C000D06A9847600604D50E4A136B0BB1506B04
:1087D0009847210604D50B4A936B0BB1D06B984791
:1087E000E20504D5074A136C0BB1506C9847A305FA
:1087F00004D5044A936C0BB1D06C9847BDE8104087
:10880000FFF714B8283700204FF0B04310B5D3F865
:10881000884004F47C42C3F88820620504D5164AD7
:10882000136D0BB1506D9847230504D5124A936D13
:108830000BB1D06D9847E00404D50F4A136E0BB10D
:10884000506E9847A10404D50B4A936E0BB1D06EBD
:108850009847620404D5084A136F0BB1506F9847CC
:10886000230404D5044A936F0BB1D06F9847BDE839
:108870001040FEF7DBBF00BF2837002008B50348D3
:10888000FCF77CFCBDE80840FEF7D0BFA83700200D
:1088900008B50348FCF74AFDBDE80840FEF7C6BF2F
:1088A000003A002008B50348FCF740FDBDE8084049
:1088B000FEF7BCBF6C3A002008B500F0ABFCBDE889
:1088C0000840FEF7B3BF0000062108B50846FCF7D4
:1088D000B3FD06210720FCF7AFFD06210820FCF7B9
:1088E000ABFD06210920FCF7A7FD06210A20FCF7B5
:1088F000A3FD06211720FCF79FFD06212820FCF789
:108900009BFD09217A20FCF797FD09213120FCF716
:1089100093FD07213220FCF78FFD0C212520FCF769
:108920008BFD0C215220BDE80840FCF785BD0000FE
:1089300008B5FFF783FDFCF7B1F8FDF75DF9FDF72A
:10894000FBF8FDF733FBFDF705FAFEF7C7F9BDE8C5
:10895000084000F029BA000030B50433039C0172CE
:10896000002104FB0325C160C0E90653049B036397
:10897000059BC0E90000C0E90422C0E90842C0E943
:108980000A11436330BD00000022416AC260C0E9A1
:108990000411C0E90A226FF00101FDF715BF0000C4
:1089A000D0E90432934201D1C2680AB9181D704758
:1089B00000207047036919600021C2680132C2605B
:1089C000C269134482699342036124BF436A03610D
:1089D000FDF7EEBE38B504460D46E3683BB162696B
:1089E0000020131D1268A3621344E36207E0237A98
:1089F00033B929462046FDF7CBFE0028EDDA38BD15
:108A00006FF00100FBE70000C368C269013BC3606F
:108A10004369134482699342436124BF436A4361BB
:108A200000238362036B03B11847704770B530238E
:108A3000044683F31188866A3EB9FFF7CBFF0546EB
:108A400018B186F31188284670BDA36AE26A13F84C
:108A5000015B9342A36202D32046FFF7D5FF0023B8
:108A600083F31188EFE700002DE9F84F04460E4626
:108A7000174698464FF0300989F311880025AA4619
:108A8000D4F828B0BBF1000F09D141462046FFF7CA
:108A9000A1FF20B18BF311882846BDE8F88FD4E9F7
:108AA0000A12A7EB050B521A934528BF9346BBF158
:108AB000400F1BD9334601F1400251F8040B91429B
:108AC00043F8040BF9D1A36A403640354033A36222
:108AD000D4E90A239A4202D32046FFF795FF8AF38E
:108AE0001188BD42D8D289F31188C9E730465A4669
:108AF000F9F726F9A36A5E445D445B44A362E7E7A5
:108B000010B5029C0433017203FB0421C460C0E968
:108B100006130023C0E90A33039B0363049BC0E9E7
:108B20000000C0E90422C0E90842436310BD000010
:108B3000026A6FF00101C260426AC0E904220022A9
:108B4000C0E90A22FDF740BED0E904239A4201D1D0
:108B5000C26822B9184650F8043B0B6070470023E6
:108B60001846FAE7C3680021C2690133C36043694C
:108B7000134482699342436124BF436A4361FDF712
:108B800017BE000038B504460D46E3683BB12369C3
:108B900000201A1DA262E2691344E36207E0237A0F
:108BA00033B929462046FDF7F3FD0028EDDA38BD3C
:108BB0006FF00100FBE7000003691960C268013A29
:108BC000C260C269134482699342036124BF436A4D
:108BD000036100238362036B03B1184770470000F1
:108BE00070B530230D460446114683F31188866A1A
:108BF0002EB9FFF7C7FF10B186F3118870BDA36AC5
:108C00001D70A36AE26A01339342A36204D3E1694F
:108C100020460439FFF7D0FF002080F31188EDE7EC
:108C20002DE9F84F04460D46904699464FF0300A1C
:108C30008AF311880026B346A76A4FB949462046F1
:108C4000FFF7A0FF20B187F311883046BDE8F88F09
:108C5000D4E90A073A1AA8EB0607974228BF174635
:108C6000402F1BD905F1400355F8042B9D4240F8D5
:108C7000042BF9D1A36A40364033A362D4E90A2316
:108C80009A4204D3E16920460439FFF795FF8BF33C
:108C900011884645D9D28AF31188CDE729463A464C
:108CA000F9F74EF8A36A3D443E443B44A362E5E72E
:108CB000D0E904239A4217D1C3689BB1836A8BB170
:108CC000043B9B1A0ED01360C368013BC360C369A9
:108CD0001A4483699A42026124BF436A03610023F4
:108CE00083620123184670470023FBE701F01F034E
:108CF000F0B502F01F0456095A1C0123B6EB511FB0
:108D000050F8265003FA02F34FEA511703F1FF33EC
:108D10003DBF50F82720C4F12000134003EA0500AE
:108D20003BBF03FA00F225FA04F0E0401043F0BD27
:108D300070B57E227F210546FFF7D8FF18B10128C4
:108D400019D0002070BD3E2249212846FFF7CEFFF2
:108D50002F22044631212846FFF7C8FF064601347A
:108D60005022023653212846B440FFF7BFFF09388E
:108D700004FA00F0E6E7302245212846FFF7B6FF67
:108D800001308002DEE7000090F8D63090F8D7205E
:108D90001B0403EB026390F8D42090F8D500134431
:108DA00003EB00207047000000F00ABA014B586A3C
:108DB000704700BF000C0040034B002258631A614B
:108DC0000222DA60704700BF000C0040014B002215
:108DD000DA607047000C0040014B5863704700BFD9
:108DE000000C0040024B034A1A60034A5A60704765
:108DF000FC6200203063002000000220074B494243
:108E000010B55C68201A08401968821A8A4203D398
:108E1000A24201D85A6010BD0020FCE7FC6200208D
:108E200008B5302383F31188FFF7E8FF002383F3AD
:108E3000118808BD0448054B03600023C0E90133D5
:108E40000C3000F017B900BF04630020218E000829
:108E5000CB1D083A23F00703591A521A10B4D2084E
:108E60000024C0E9004384600C301C605A605DF847
:108E7000044B00F0FFB800002DE9F74F364FCD1D31
:108E80008846002818BF0746082A4FEAD50538BF8C
:108E9000082207F10C003C1D9146019000F02CF9CE
:108EA000019809F10701C9F1000E2246246864B94E
:108EB00000F02CF93B68CBB308224946E8009847FC
:108EC000044698B340E9027830E004EB010CD4F892
:108ED00004A00CEA0E0C0AF10106ACF1080304EB45
:108EE000C6069E42E1D9A6EB0C0CB5EBEC0F4FEA9F
:108EF000EC0BDAD89C421DD204F10802AB45A3EB7F
:108F000002024FEAE202626009D9691CED4303EBF9
:108F1000C1025D445560256843F8315022601C460B
:108F2000C3F8048044F8087B00F0F0F8204603B052
:108F3000BDE8F08FAA45216802D111602346EEE713
:108F4000013504EBC50344F8351003F10801761A26
:108F5000F6105E601360F1E70463002073B5044609
:108F6000A0F1080550F8080C54F8043C061D0C301C
:108F700007330190DB0844F8043C00F0BDF83346A9
:108F800001989E421A6801D0AB4228D20AB195429C
:108F900025D244F8082C54F8042C1D60013254F8F2
:108FA000081C05EBC206B14206D14E68324444F8B3
:108FB000042C0A6844F8082C5E68711C03EBC1019C
:108FC0008D4207D154F8042C013232445A6054F8CF
:108FD000082C1A6002B0BDE8704000F097B8134644
:108FE000CFE70000FEE7000070B51E4B00250446E9
:108FF00086B058600E4605638163FEF7EFFB04F10F
:109000002803A5606563C4E90A3304F11003C4E9C9
:1090100004334FF0FF33C4E90044C4E90635FFF7D9
:10902000C5FE2B46024604F13C012046C4E9082354
:1090300080230D4A6567FDF725FB7368E0600B4AE6
:1090400003620123009280F824306846F26801929E
:109050003269CDE90223064BCDE90435FDF746FB25
:1090600006B070BD80450020F89D0008F09D000806
:10907000E58F00080023C0E90000836003617047AA
:1090800070B51C4B05468468DE685CB3B44213D1EE
:1090900003690133036170BDA36094F8243083B188
:1090A000062B15D1A06A2146D4E9003213605A601C
:1090B000FDF754FAA36A9C68B368A2689A42EBD39E
:1090C00006E0D4E90032204613605A60FDF756FAF4
:1090D00028463146FDF742FAB5620620BDE87040E9
:1090E000FDF74EBA0369866001330361336BC360D9
:1090F0003063D0E7D842002008B5302383F31188CD
:10910000FFF7BEFF002383F3118808BD194BD96810
:1091100083688B4210B520D1302383F31188026914
:10912000013A0261B2B90468C368A0420B631ED061
:109130004A6B9BB901238A60036103681A68026065
:1091400050601A6B8360C26018631846FDF716FA08
:10915000FDF766FA002383F3118810BD1C68A34253
:1091600003D0A468A24238BF2246DB68E1E78260F0
:10917000F0E700BFD8420020024A536B1843506307
:10918000704700BFD842002038B5EFF311859DB974
:10919000EFF30584C4F30804302334B183F311885A
:1091A000FDF74AFC85F3118838BD83F31188FDF77C
:1091B00043FC84F3118838BDBDE83840FDF73CBC62
:1091C000114BD3F8E82042F00802C3F8E820D3F8A6
:1091D000102142F00802C3F810210C4AD3F81031D4
:1091E000D36B43F00803D363C722094B9A624FF055
:1091F000FF32DA6200229A615A63DA605A60012211
:109200005A611A60704700BF004402580010005CA9
:10921000000C0040094A08B51169D3680B40D9B267
:109220009B076FEA0101116107D5302383F3118891
:10923000FDF71CFA002383F3118808BD000C0040E1
:10924000FEF7A8B8012838BF012010B50446204613
:10925000FEF760F830B900F007F808B900F00CF834
:109260008047F4E710BD0000024B1868BFF35B8F26
:10927000704700BF2463002008B5062000F056F8B0
:109280000120FDF761FC000010B501390244904255
:1092900001D1002005E0037811F8014FA34201D06D
:1092A000181B10BD0130F2E7884210B501EB020433
:1092B00002D98442234607D8431EA14208D011F8A0
:1092C000012B03F8012FF8E7024401468A4200D13E
:1092D00010BD13F8014D02F8014DF7E71F2938B50D
:1092E00004460D4604D9162303604FF0FF3038BD05
:1092F000426C12B152F821304BB9204600F030F8E0
:109300002A4601462046BDE8384000F017B8012B38
:109310000AD0591C03D1162303600120E7E700247B
:1093200042F82540284698470020E0E7024B0146D6
:109330001868FFF7D3BF00BF7022002038B5074D73
:1093400000230446084611462B60FDF701FC431C30
:1093500002D12B6803B1236038BD00BF2863002011
:10936000FDF7F0BBC9B2034610F8012B1AB18A42CF
:10937000F9D118467047002918BF0023F9E700000B
:10938000034611F8012B03F8012B002AF9D170478D
:1093900010B50139034632B111F8014F03F8014B02
:1093A000013A002CF7D11A440021934200D110BD9C
:1093B00003F8011BF9E700000608025807080258E5
:1093C0000E0C02580F0C02580220025805200258B9
:1093D00006200258072002580004025801040258CF
:1093E000091002580B1002580614025807140258AC
:1093F0004D4435002D2D0A002F6172647570696C23
:109400006F742E6162696E002F6172647570696C91
:109410006F742D7665726966792E6162696E002FB0
:109420006172647570696C6F742D666C6173682EFF
:109430006162696E002F6172647570696C6F742D62
:10944000666C61736865642E6162696E000000007D
:109450000000000000000000350F0008D10F0008D8
:109460008111000809100008C90F00080000000061
:1094700000000000310F0008DD0F0008B9110008DE
:109480002D0F0008390F000853544D333248373F31
:109490003F3F0053544D3332483733782F373278BB
:1094A0000053544D3332483734332F3735332F3749
:1094B0003530000001105A000310590001205800F7
:1094C000032056002F0000005375636365737366B5
:1094D000756C6C79206D6F756E74656420534443B0
:1094E0006172642028736C6F77646F776E3D2575A9
:1094F000290A0000EB769045584641542020200070
:109500004641543332202020000000002A3A3C3EDD
:109510007C223F7F002B2C3B3D5B5D00435545414A
:109520004141414345454549494941414592924F51
:109530004F4F5555594F554F9C4F9E9F41494F5541
:10954000A5A5A6A7A8A9AAABACADAEAFB0B1B2B362
:10955000B4414141B8B9BABBBCBDBEBFC0C1C2C3B2
:10956000C4C54141C8C9CACBCCCDCECFD1D1454568
:109570004549494949D9DADBDCDD49DF4FE14F4F45
:109580004F4FE6E8E85555555959EEEFF0F1F2F333
:10959000F4F5F6F7F8F9FAFBFCFDFEFF0103050709
:1095A000090E10121416181C1E00000061001A0388
:1095B000E0001703F8000703FF0001007801000135
:1095C000300132010601390110014A012E017901F1
:1095D000060180014D004302810182018201840164
:1095E000840186018701870189018A018B018B0132
:1095F0008D018E018F0190019101910193019401E0
:10960000F60196019701980198013D029B019C018A
:109610009D0120029F01A001A001A201A201A401BD
:10962000A401A601A701A701A901AA01AB01AC01F0
:10963000AC01AE01AF01AF01B101B201B301B301A1
:10964000B501B501B701B801B801BA01BB01BC0150
:10965000BC01BE01F701C001C101C201C301C401C7
:10966000C501C401C701C801C701CA01CB01CA01B4
:10967000CD011001DD0101008E01DE011201F301B7
:109680000300F101F401F401F801280122021201A2
:109690003A020900652C3B023B023D02662C3F0268
:1096A00040024102410246020A0153024000810188
:1096B0008601550289018A0158028F015A029001E0
:1096C0005C025D025E025F0293016102620294012C
:1096D0006402650266026702970196016A02622CC3
:1096E0006C026D026E029C01700271029D01730298
:1096F00074029F0176027702780279027A027B0275
:109700007C02642C7E027F02A60181028202A901F2
:109710008402850286028702AE014402B101B201D1
:1097200045028D028E028F0290029102B7017B03E7
:109730000300FD03FE03FF03AC030400860388035C
:1097400089038A03B1031103C2030200A303A30325
:10975000C4030803CC0303008C038E038F03D803D8
:109760001801F2030A00F903F303F403F503F60307
:10977000F703F703F903FA03FA0330042003500454
:109780001007600422018A043601C1040E01CF04CF
:109790000100C004D004440161052604000000005B
:1097A0007D1D0100632C001E9601A01E5A01001FA2
:1097B0000806101F0606201F0806301F0806401F57
:1097C0000606511F0700591F521F5B1F541F5D1FC4
:1097D000561F5F1F601F0806701F0E00BA1FBB1FB9
:1097E000C81FC91FCA1FCB1FDA1FDB1FF81FF91FB5
:1097F000EA1FEB1FFA1FFB1F801F0806901F0806B9
:10980000A01F0806B01F0400B81FB91FB21FBC1F5D
:10981000CC1F0100C31FD01F0206E01F0206E51F78
:109820000100EC1FF31F0100FC1F4E21010032213B
:1098300070211002842101008321D0241A05302CCC
:109840002F04602C0201672C0601752C0201802C6C
:109850006401002D260841FF1A030000C700FC0028
:10986000E900E200E400E000E500E700EA00EB00C8
:10987000E800EF00EE00EC00C400C500C900E600FF
:10988000C600F400F600F200FB00F900FF00D6006D
:10989000DC00F800A300D800D7009201E100ED0041
:1098A000F300FA00F100D100AA00BA00BF00AE0038
:1098B000AC00BD00BC00A100AB00BB00912592250F
:1098C000932502252425C100C200C000A9006325FC
:1098D000512557255D25A200A50010251425342506
:1098E0002C251C2500253C25E300C3005A255425C2
:1098F00069256625602550256C25A400F000D00060
:10990000CA00CB00C8003101CD00CE00CF00182521
:109910000C2588258425A600CC008025D300DF00F7
:10992000D400D200F500D500B500FE00DE00DA005C
:10993000DB00D900FD00DD00AF00B400AD00B100D8
:109940001720BE00B600A700F700B800B000A800BE
:10995000B700B900B300B200A025A000100002407B
:10996000080002400008024000000B0028000240EE
:10997000080002400408024006010C0040000240BA
:10998000080002400808024010020D005800024082
:10999000080002400C08024016030E00700002404E
:1099A0000C0002401008024000040F008800024032
:1099B0000C0002401408024006051000A0000240FE
:1099C0000C0002401808024010061100B8000240C6
:1099D0000C0002401C08024016072F001004024031
:1099E0000804024020080240000838002804024011
:1099F00008040240240802400609390040040240DD
:109A00000804024028080240100A3A0058040240A4
:109A1000080402402C080240160B3B007004024070
:109A20000C04024030080240000C3C008804024054
:109A30000C04024034080240060D4400A004024019
:109A40000C04024038080240100E4500B8040240E1
:109A50000C0402403C080240160F460001000000C2
:109A60000000000000960000000000000000000060
:109A700000000000000000000000000000000000E6
:109A8000D56C0008D96C0008CD570008055B0008AC
:109A90006157000889570008B15700084957000866
:109AA00000000000B95B0008A55B0008E15B00084E
:109AB000CD5B0008D95B0008C55B0008B15B0008FE
:109AC0009D5B0008ED5B000800000000D15C000811
:109AD000BD5C0008F95C0008E55C0008F15C00086A
:109AE000DD5C0008C95C0008B55C0008055D000885
:109AF00000000000010000000000000063300000D2
:109B0000FC9A000800000000000000005043002004
:109B1000804500200001802A00000000AAAAAAAA0D
:109B200000010024FFFF00000000000000A00A0068
:109B300000A1001000000000AAAAAAAA005000007C
:109B4000EFBF000000000077000000000001AA0243
:109B500000000000AAAAAAAA00015500FFFF000009
:109B600000000000CCCC0C002000400000000000F1
:109B7000AAAAAAAA10000000FFF70000000C00002B
:109B8000000000000085024000000000AAA8AAAA68
:109B900000450140FFFF00000000007007000000CA
:109BA0000000000000000000AAAAAAAA000000000D
:109BB000FFFF0000000000000000000000000000A7
:109BC00000000000AAAAAAAA00000000FFFF0000EF
:109BD0000000000000000000000000000000000085
:109BE000AAAAAAAA00000000FFFF000000000000CF
:109BF000000000000000000000000000AAAAAAAABD
:109C000000000000FFFF0000000000000000000056
:109C10000000000000000000AAAAAAAA000000009C
:109C2000FFFF000000000000000000000000000036
:109C300000000000AAAAAAAA00000000FFFF00007E
:109C400000000000000000004172647550696C6FF4
:109C5000740025424F415244252D424C0025534566
:109C60005249414C250000000200000000000000A5
:109C7000F15E0008615F000840004000305E002097
:109C8000405E002002000000000000000300000011
:109C900000000000A95F00080000000010000000A4
:109CA000505E0020000000000100000000000000E5
:109CB000AC61002001010200D16D0008E16C0008D8
:109CC0007D6D0008616D000843000000D09C000815
:109CD00009024300020100C032090400000102022F
:109CE00001000524001001052401000104240202E2
:109CF0000524060001070582030800FF090401008E
:109D0000020A000000070501024000000705810269
:109D100040000000120000001C9D0008120110010C
:109D20000200004009124157000201020301000035
:109D30000403090425424F41524425005A4849452D
:109D400052003031323334353637383941424344AA
:109D50004546000000000020000002000200000054
:109D60000000003000000400080000000000002493
:109D700000000800040000000004000000FC0000D7
:109D80000200000000000430008000000800000015
:109D90000000003800000100010000001F1C1F1E11
:109DA0001F1E1F1F1E1F1E1F1F1D1F1E1F1E1F1FCA
:109DB0001E1F1E1F0000000005610008BD63000893
:109DC0006964000840004000E4620020E462002072
:109DD00001000000F462002080000000400100004B
:109DE0000800000000010000001000000800000052
:109DF00069646C65000000006D61696E002C0438B8
:109E0000040438080C10141C20242526000000002F
:109E1000000064040100040000000000000C0010B9
:109E2000283034004466FF7F01000000000000007D
:109E3000350000000000000000001E0000000000CF
:109E4000FF00000088450020003A00206C3A002006
:109E50000000000088940008830400009394000828
:109E600050040000A1940008010000000000000060
:109E700000960000000008009600000000080000A6
:109E800004000000309D00080000000000000000F9
:109E900000000000000000000000000000000000C2
:109EA00074220020000000000000000000000000FC
:109EB00000000000000000000000000000000000A2
:109EC0000000000000000000000000000000000092
:109ED0000000000000000000000000000000000082
:109EE0000000000000000000000000000000000072
:109EF0000000000000000000000000000000000062
:049F0000000000005D
:00000001FF
